日期,品牌,车型,销售数量,单价(万元),销售额(万元),省份,城市,经销商
2025-01-01,丰田,汉兰达,10,13.8,138.0,浙江,温州,温州丰田4S店
2025-01-01,宝马,5系,6,54.2,325.2,安徽,合肥,合肥宝马4S店
2025-01-01,比亚迪,海豚,7,18.8,131.6,广东,佛山,佛山比亚迪4S店
2025-01-02,比亚迪,唐,2,11.8,23.6,陕西,西安,西安比亚迪4S店
2025-01-03,吉利,博越,8,12.1,96.8,四川,成都,成都吉利4S店
2025-01-06,比亚迪,海豹,3,26.3,78.9,山东,青岛,青岛比亚迪4S店
2025-01-07,理想,L8,2,46.4,92.8,河南,洛阳,洛阳理想4S店
2025-01-07,丰田,卡罗拉,7,22.9,160.3,重庆,重庆市,重庆市丰田4S店
2025-01-07,蔚来,ES6,6,59.3,355.8,湖北,武汉,武汉蔚来4S店
2025-01-07,吉利,帝豪,3,8.3,24.9,北京,北京市,北京市吉利4S店
2025-01-07,蔚来,EC6,8,36.1,288.8,陕西,西安,西安蔚来4S店
2025-01-07,奥迪,Q3,9,50.7,456.3,河北,石家庄,石家庄奥迪4S店
2025-01-07,本田,飞度,6,15.7,94.2,湖北,武汉,武汉本田4S店
2025-01-08,蔚来,ES6,3,42.3,126.9,上海,上海市,上海市蔚来4S店
2025-01-08,本田,雅阁,1,10.6,10.6,河北,唐山,唐山本田4S店
2025-01-08,本田,飞度,4,13.3,53.2,河北,石家庄,石家庄本田4S店
2025-01-09,宝马,3系,2,40.3,80.6,河北,唐山,唐山宝马4S店
2025-01-09,吉利,星瑞,5,13.4,67.0,北京,北京市,北京市吉利4S店
2025-01-09,丰田,汉兰达,10,31.0,310.0,上海,上海市,上海市丰田4S店
2025-01-10,理想,L9,10,42.6,426.0,湖南,株洲,株洲理想4S店
2025-01-11,长安,逸动,1,15.1,15.1,上海,上海市,上海市长安4S店
2025-01-11,蔚来,ET7,3,40.7,122.1,江苏,南京,南京蔚来4S店
2025-01-12,本田,飞度,9,20.1,180.9,河南,洛阳,洛阳本田4S店
2025-01-12,特斯拉,Model 3,8,56.6,452.8,河北,石家庄,石家庄特斯拉4S店
2025-01-12,丰田,卡罗拉,10,14.9,149.0,广东,深圳,深圳丰田4S店
2025-01-13,奥迪,Q5L,2,26.1,52.2,北京,北京市,北京市奥迪4S店
2025-01-14,小鹏,G6,2,30.5,61.0,上海,上海市,上海市小鹏4S店
2025-01-15,奔驰,GLC,7,56.8,397.6,安徽,合肥,合肥奔驰4S店
2025-01-15,比亚迪,唐,6,17.1,102.6,陕西,西安,西安比亚迪4S店
2025-01-16,丰田,凯美瑞,10,31.3,313.0,广东,深圳,深圳丰田4S店
2025-01-16,宝马,X5,2,38.2,76.4,江苏,无锡,无锡宝马4S店
2025-01-16,特斯拉,Model Y,8,29.0,232.0,四川,成都,成都特斯拉4S店
2025-01-17,比亚迪,秦PLUS,9,14.4,129.6,湖南,长沙,长沙比亚迪4S店
2025-01-17,丰田,RAV4,8,28.3,226.4,上海,上海市,上海市丰田4S店
2025-01-17,蔚来,EC6,8,36.5,292.0,浙江,宁波,宁波蔚来4S店
2025-01-17,长安,UNI-K,9,15.9,143.1,湖南,株洲,株洲长安4S店
2025-01-18,大众,朗逸,6,13.5,81.0,山东,青岛,青岛大众4S店
2025-01-18,小鹏,G9,4,30.2,120.8,湖南,长沙,长沙小鹏4S店
2025-01-19,本田,雅阁,4,10.7,42.8,重庆,重庆市,重庆市本田4S店
2025-01-19,小鹏,G9,6,23.8,142.8,陕西,西安,西安小鹏4S店
2025-01-19,理想,L8,3,45.8,137.4,重庆,重庆市,重庆市理想4S店
2025-01-19,蔚来,EC6,10,51.8,518.0,江苏,南京,南京蔚来4S店
2025-01-20,比亚迪,汉,2,21.4,42.8,重庆,重庆市,重庆市比亚迪4S店
2025-01-20,大众,途观,10,16.0,160.0,湖南,株洲,株洲大众4S店
2025-01-20,奔驰,GLC,1,57.6,57.6,安徽,芜湖,芜湖奔驰4S店
2025-01-21,宝马,5系,2,50.5,101.0,山东,烟台,烟台宝马4S店
2025-01-22,理想,L7,10,31.6,316.0,江苏,无锡,无锡理想4S店
2025-01-22,长城,哈弗H6,6,20.4,122.4,河南,洛阳,洛阳长城4S店
2025-01-23,蔚来,ET7,7,46.1,322.7,上海,上海市,上海市蔚来4S店
2025-01-23,蔚来,ET7,9,30.1,270.9,福建,福州,福州蔚来4S店
2025-01-24,丰田,汉兰达,2,26.1,52.2,四川,绵阳,绵阳丰田4S店
2025-01-24,比亚迪,海豹,3,15.8,47.4,福建,厦门,厦门比亚迪4S店
2025-01-24,长安,逸动,1,16.9,16.9,江苏,无锡,无锡长安4S店
2025-01-24,特斯拉,Model S,9,57.4,516.6,湖南,长沙,长沙特斯拉4S店
2025-01-26,长城,炮,2,26.7,53.4,重庆,重庆市,重庆市长城4S店
2025-01-26,奔驰,GLE,6,36.1,216.6,北京,北京市,北京市奔驰4S店
2025-01-26,宝马,5系,8,38.2,305.6,湖北,襄阳,襄阳宝马4S店
2025-01-26,特斯拉,Model 3,5,55.6,278.0,山东,烟台,烟台特斯拉4S店
2025-01-26,宝马,5系,2,48.2,96.4,北京,北京市,北京市宝马4S店
2025-01-27,丰田,RAV4,5,24.6,123.0,四川,绵阳,绵阳丰田4S店
2025-01-27,长安,UNI-K,10,10.0,100.0,河北,唐山,唐山长安4S店
2025-01-27,特斯拉,Model Y,8,36.6,292.8,上海,上海市,上海市特斯拉4S店
2025-01-27,本田,飞度,10,20.1,201.0,北京,北京市,北京市本田4S店
2025-01-27,理想,L9,2,34.4,68.8,浙江,温州,温州理想4S店
2025-01-27,大众,迈腾,5,16.0,80.0,四川,成都,成都大众4S店
2025-01-28,丰田,RAV4,8,26.3,210.4,福建,厦门,厦门丰田4S店
2025-01-28,特斯拉,Model Y,2,33.1,66.2,山东,烟台,烟台特斯拉4S店
2025-01-28,吉利,星越L,9,12.8,115.2,北京,北京市,北京市吉利4S店
2025-01-28,蔚来,ES6,8,43.9,351.2,上海,上海市,上海市蔚来4S店
2025-01-29,大众,速腾,4,24.9,99.6,陕西,西安,西安大众4S店
2025-01-30,长安,逸动,2,19.4,38.8,安徽,合肥,合肥长安4S店
2025-01-31,大众,途观,4,11.4,45.6,重庆,重庆市,重庆市大众4S店
2025-02-01,长城,哈弗H6,3,19.3,57.9,河南,洛阳,洛阳长城4S店
2025-02-01,长城,坦克300,1,27.6,27.6,湖北,襄阳,襄阳长城4S店
2025-02-02,长城,炮,4,26.4,105.6,湖北,襄阳,襄阳长城4S店
2025-02-03,本田,飞度,8,25.0,200.0,湖北,襄阳,襄阳本田4S店
2025-02-03,本田,飞度,9,12.0,108.0,重庆,重庆市,重庆市本田4S店
2025-02-03,大众,迈腾,8,23.0,184.0,安徽,芜湖,芜湖大众4S店
2025-02-04,特斯拉,Model S,10,26.2,262.0,福建,福州,福州特斯拉4S店
2025-02-04,特斯拉,Model Y,9,44.5,400.5,山东,青岛,青岛特斯拉4S店
2025-02-04,比亚迪,海豚,2,12.0,24.0,福建,厦门,厦门比亚迪4S店
2025-02-05,小鹏,G9,3,35.3,105.9,福建,厦门,厦门小鹏4S店
2025-02-05,长安,CS75,4,16.1,64.4,河南,郑州,郑州长安4S店
2025-02-05,丰田,RAV4,8,18.6,148.8,陕西,西安,西安丰田4S店
2025-02-05,本田,飞度,9,15.1,135.9,江苏,南京,南京本田4S店
2025-02-05,大众,朗逸,9,11.4,102.6,浙江,宁波,宁波大众4S店
2025-02-05,奥迪,Q5L,5,48.2,241.0,山东,济南,济南奥迪4S店
2025-02-05,大众,帕萨特,8,14.3,114.4,湖南,株洲,株洲大众4S店
2025-02-06,奔驰,C级,8,47.4,379.2,重庆,重庆市,重庆市奔驰4S店
2025-02-06,特斯拉,Model 3,6,37.0,222.0,山东,烟台,烟台特斯拉4S店
2025-02-06,本田,飞度,10,14.9,149.0,上海,上海市,上海市本田4S店
2025-02-06,长城,哈弗H6,8,12.9,103.2,福建,厦门,厦门长城4S店
2025-02-07,吉利,博越,3,13.1,39.3,重庆,重庆市,重庆市吉利4S店
2025-02-07,蔚来,ET5,7,34.7,242.9,四川,绵阳,绵阳蔚来4S店
2025-02-07,特斯拉,Model Y,3,30.4,91.2,安徽,芜湖,芜湖特斯拉4S店
2025-02-07,小鹏,G9,4,26.4,105.6,广东,广州,广州小鹏4S店
2025-02-08,丰田,凯美瑞,10,29.9,299.0,上海,上海市,上海市丰田4S店
2025-02-08,小鹏,G6,6,26.4,158.4,江苏,南京,南京小鹏4S店
2025-02-09,吉利,帝豪,4,13.3,53.2,重庆,重庆市,重庆市吉利4S店
2025-02-09,吉利,星瑞,3,10.1,30.3,广东,东莞,东莞吉利4S店
2025-02-10,比亚迪,汉,3,14.3,42.9,湖北,襄阳,襄阳比亚迪4S店
2025-02-10,奔驰,E级,6,51.8,310.8,上海,上海市,上海市奔驰4S店
2025-02-10,小鹏,P7,6,38.4,230.4,山东,青岛,青岛小鹏4S店
2025-02-11,长城,炮,2,25.2,50.4,河南,洛阳,洛阳长城4S店
2025-02-12,长城,坦克300,8,12.7,101.6,广东,广州,广州长城4S店
2025-02-12,奥迪,Q3,6,44.3,265.8,湖南,长沙,长沙奥迪4S店
2025-02-12,长安,CS75,4,17.6,70.4,江苏,南京,南京长安4S店
2025-02-12,本田,飞度,1,13.9,13.9,安徽,合肥,合肥本田4S店
2025-02-12,奥迪,A4L,5,41.4,207.0,上海,上海市,上海市奥迪4S店
2025-02-14,小鹏,G9,6,39.4,236.4,福建,厦门,厦门小鹏4S店
2025-02-14,本田,飞度,1,13.0,13.0,浙江,杭州,杭州本田4S店
2025-02-14,理想,L9,10,32.6,326.0,河北,石家庄,石家庄理想4S店
2025-02-15,奔驰,C级,10,39.7,397.0,河南,郑州,郑州奔驰4S店
2025-02-15,特斯拉,Model Y,2,32.8,65.6,湖南,长沙,长沙特斯拉4S店
2025-02-15,奥迪,Q5L,5,36.0,180.0,广东,东莞,东莞奥迪4S店
2025-02-16,奔驰,C级,2,60.4,120.8,四川,成都,成都奔驰4S店
2025-02-16,比亚迪,宋PLUS,1,22.0,22.0,湖北,襄阳,襄阳比亚迪4S店
2025-02-16,小鹏,G9,5,39.3,196.5,重庆,重庆市,重庆市小鹏4S店
2025-02-16,特斯拉,Model S,6,40.7,244.2,上海,上海市,上海市特斯拉4S店
2025-02-17,蔚来,ET7,6,49.0,294.0,陕西,西安,西安蔚来4S店
2025-02-17,理想,L8,8,32.5,260.0,北京,北京市,北京市理想4S店
2025-02-17,宝马,X3,7,35.5,248.5,河南,洛阳,洛阳宝马4S店
2025-02-17,奥迪,A6L,9,52.1,468.9,陕西,西安,西安奥迪4S店
2025-02-17,奔驰,GLC,3,33.0,99.0,四川,绵阳,绵阳奔驰4S店
2025-02-17,奥迪,A4L,9,49.0,441.0,广东,深圳,深圳奥迪4S店
2025-02-18,宝马,X5,5,39.4,197.0,山东,济南,济南宝马4S店
2025-02-18,比亚迪,海豚,3,17.1,51.3,江苏,苏州,苏州比亚迪4S店
2025-02-19,蔚来,EC6,9,54.4,489.6,北京,北京市,北京市蔚来4S店
2025-02-19,奥迪,A6L,9,47.2,424.8,河北,石家庄,石家庄奥迪4S店
2025-02-19,吉利,星瑞,7,17.6,123.2,湖南,株洲,株洲吉利4S店
2025-02-20,长城,坦克300,6,20.9,125.4,北京,北京市,北京市长城4S店
2025-02-20,蔚来,ES6,5,31.8,159.0,四川,成都,成都蔚来4S店
2025-02-21,吉利,帝豪,10,14.6,146.0,广东,佛山,佛山吉利4S店
2025-02-21,本田,思域,6,23.5,141.0,四川,绵阳,绵阳本田4S店
2025-02-22,长城,炮,2,27.8,55.6,湖南,株洲,株洲长城4S店
2025-02-22,特斯拉,Model Y,6,28.4,170.4,湖南,株洲,株洲特斯拉4S店
2025-02-22,理想,L7,8,41.5,332.0,四川,绵阳,绵阳理想4S店
2025-02-22,比亚迪,秦PLUS,2,17.1,34.2,湖南,株洲,株洲比亚迪4S店
2025-02-22,特斯拉,Model Y,5,37.9,189.5,广东,佛山,佛山特斯拉4S店
2025-02-23,大众,途观,2,11.7,23.4,安徽,合肥,合肥大众4S店
2025-02-23,奔驰,GLE,8,62.1,496.8,广东,佛山,佛山奔驰4S店
2025-02-23,丰田,汉兰达,2,26.9,53.8,安徽,合肥,合肥丰田4S店
2025-02-23,大众,帕萨特,9,18.2,163.8,山东,烟台,烟台大众4S店
2025-02-24,丰田,汉兰达,10,25.2,252.0,江苏,无锡,无锡丰田4S店
2025-02-24,比亚迪,秦PLUS,9,15.2,136.8,安徽,合肥,合肥比亚迪4S店
2025-02-24,大众,迈腾,7,17.0,119.0,上海,上海市,上海市大众4S店
2025-02-24,长安,CS75,9,17.4,156.6,重庆,重庆市,重庆市长安4S店
2025-02-24,本田,雅阁,7,12.8,89.6,浙江,宁波,宁波本田4S店
2025-02-24,小鹏,G9,8,31.5,252.0,安徽,芜湖,芜湖小鹏4S店
2025-02-24,奔驰,C级,7,33.4,233.8,广东,佛山,佛山奔驰4S店
2025-02-25,丰田,凯美瑞,8,16.4,131.2,广东,佛山,佛山丰田4S店
2025-02-25,小鹏,P7,6,33.2,199.2,广东,广州,广州小鹏4S店
2025-02-25,比亚迪,汉,7,27.3,191.1,浙江,宁波,宁波比亚迪4S店
2025-02-26,大众,帕萨特,7,21.9,153.3,湖南,长沙,长沙大众4S店
2025-02-26,长城,哈弗H6,6,12.6,75.6,河北,石家庄,石家庄长城4S店
2025-02-26,本田,飞度,5,17.9,89.5,北京,北京市,北京市本田4S店
2025-02-26,小鹏,G6,2,24.8,49.6,北京,北京市,北京市小鹏4S店
2025-02-26,特斯拉,Model S,1,48.1,48.1,陕西,西安,西安特斯拉4S店
2025-02-26,理想,L8,4,47.3,189.2,河南,洛阳,洛阳理想4S店
2025-02-26,蔚来,ES6,8,37.6,300.8,福建,福州,福州蔚来4S店
2025-02-27,特斯拉,Model S,9,56.6,509.4,北京,北京市,北京市特斯拉4S店
2025-02-27,比亚迪,唐,1,18.4,18.4,浙江,杭州,杭州比亚迪4S店
2025-02-27,奔驰,E级,10,35.9,359.0,湖南,长沙,长沙奔驰4S店
2025-02-27,奔驰,GLE,5,31.8,159.0,福建,厦门,厦门奔驰4S店
2025-02-28,奥迪,A4L,4,29.2,116.8,陕西,西安,西安奥迪4S店
2025-02-28,奥迪,Q3,10,39.4,394.0,广东,佛山,佛山奥迪4S店
2025-02-28,长安,UNI-K,2,11.9,23.8,陕西,西安,西安长安4S店
2025-03-01,特斯拉,Model 3,3,56.1,168.3,河南,洛阳,洛阳特斯拉4S店
2025-03-01,理想,L9,5,32.8,164.0,山东,青岛,青岛理想4S店
2025-03-01,奥迪,A4L,3,34.3,102.9,上海,上海市,上海市奥迪4S店
2025-03-02,蔚来,ET7,10,57.4,574.0,安徽,合肥,合肥蔚来4S店
2025-03-02,奥迪,A4L,10,51.0,510.0,湖南,长沙,长沙奥迪4S店
2025-03-02,奥迪,A4L,7,28.1,196.7,北京,北京市,北京市奥迪4S店
2025-03-03,吉利,帝豪,9,9.8,88.2,北京,北京市,北京市吉利4S店
2025-03-04,比亚迪,唐,4,22.2,88.8,安徽,合肥,合肥比亚迪4S店
2025-03-04,比亚迪,秦PLUS,4,26.6,106.4,广东,深圳,深圳比亚迪4S店
2025-03-05,奥迪,Q5L,5,45.2,226.0,湖南,株洲,株洲奥迪4S店
2025-03-05,比亚迪,秦PLUS,7,21.5,150.5,湖北,武汉,武汉比亚迪4S店
2025-03-06,奥迪,A4L,4,41.9,167.6,四川,绵阳,绵阳奥迪4S店
2025-03-06,蔚来,ES6,2,49.9,99.8,浙江,杭州,杭州蔚来4S店
2025-03-07,特斯拉,Model Y,10,48.0,480.0,重庆,重庆市,重庆市特斯拉4S店
2025-03-08,奔驰,C级,9,63.3,569.7,广东,东莞,东莞奔驰4S店
2025-03-08,长安,UNI-K,7,15.6,109.2,河南,洛阳,洛阳长安4S店
2025-03-08,大众,速腾,1,22.7,22.7,山东,青岛,青岛大众4S店
2025-03-08,长安,UNI-K,8,14.2,113.6,四川,成都,成都长安4S店
2025-03-09,特斯拉,Model Y,7,36.4,254.8,广东,深圳,深圳特斯拉4S店
2025-03-09,小鹏,G9,6,37.5,225.0,湖北,襄阳,襄阳小鹏4S店
2025-03-09,长城,坦克300,5,13.2,66.0,上海,上海市,上海市长城4S店
2025-03-10,比亚迪,汉,3,20.9,62.7,陕西,西安,西安比亚迪4S店
2025-03-10,长城,炮,9,12.9,116.1,湖南,长沙,长沙长城4S店
2025-03-10,奥迪,A4L,9,36.9,332.1,北京,北京市,北京市奥迪4S店
2025-03-10,吉利,星越L,6,15.1,90.6,广东,佛山,佛山吉利4S店
2025-03-11,小鹏,G6,5,38.4,192.0,陕西,西安,西安小鹏4S店
2025-03-11,特斯拉,Model 3,7,47.5,332.5,陕西,西安,西安特斯拉4S店
2025-03-12,本田,雅阁,3,16.5,49.5,福建,福州,福州本田4S店
2025-03-13,丰田,RAV4,7,29.2,204.4,重庆,重庆市,重庆市丰田4S店
2025-03-13,小鹏,G9,9,34.5,310.5,安徽,芜湖,芜湖小鹏4S店
2025-03-13,小鹏,P7,7,31.8,222.6,山东,青岛,青岛小鹏4S店
2025-03-14,吉利,星越L,3,12.2,36.6,湖南,株洲,株洲吉利4S店
2025-03-15,本田,飞度,6,10.0,60.0,浙江,温州,温州本田4S店
2025-03-15,小鹏,G6,9,38.3,344.7,河南,洛阳,洛阳小鹏4S店
2025-03-16,蔚来,ET5,7,53.0,371.0,河南,洛阳,洛阳蔚来4S店
2025-03-17,理想,L9,10,34.8,348.0,安徽,合肥,合肥理想4S店
2025-03-17,理想,L8,2,30.3,60.6,江苏,苏州,苏州理想4S店
2025-03-17,比亚迪,唐,3,17.0,51.0,陕西,西安,西安比亚迪4S店
2025-03-17,长城,哈弗H6,5,19.1,95.5,河南,洛阳,洛阳长城4S店
2025-03-18,奥迪,Q3,9,35.4,318.6,河北,唐山,唐山奥迪4S店
2025-03-18,比亚迪,海豹,4,22.4,89.6,福建,厦门,厦门比亚迪4S店
2025-03-18,特斯拉,Model S,2,27.6,55.2,重庆,重庆市,重庆市特斯拉4S店
2025-03-18,理想,L9,10,47.8,478.0,北京,北京市,北京市理想4S店
2025-03-18,奥迪,A4L,8,30.3,242.4,广东,东莞,东莞奥迪4S店
2025-03-20,大众,帕萨特,10,22.5,225.0,河北,石家庄,石家庄大众4S店
2025-03-20,蔚来,ET7,2,53.7,107.4,四川,绵阳,绵阳蔚来4S店
2025-03-21,长城,坦克300,2,14.5,29.0,山东,烟台,烟台长城4S店
2025-03-22,比亚迪,海豚,10,19.0,190.0,四川,绵阳,绵阳比亚迪4S店
2025-03-22,奥迪,Q3,7,25.0,175.0,浙江,温州,温州奥迪4S店
2025-03-22,吉利,星越L,6,17.3,103.8,湖北,襄阳,襄阳吉利4S店
2025-03-23,蔚来,ET7,3,40.2,120.6,浙江,宁波,宁波蔚来4S店
2025-03-24,蔚来,ET7,7,46.6,326.2,湖北,武汉,武汉蔚来4S店
2025-03-24,奔驰,C级,3,62.2,186.6,四川,绵阳,绵阳奔驰4S店
2025-03-25,奥迪,Q3,9,33.1,297.9,浙江,温州,温州奥迪4S店
2025-03-26,奔驰,C级,5,69.4,347.0,重庆,重庆市,重庆市奔驰4S店
2025-03-26,小鹏,G6,10,31.9,319.0,重庆,重庆市,重庆市小鹏4S店
2025-03-26,本田,飞度,5,24.5,122.5,安徽,芜湖,芜湖本田4S店
2025-03-26,大众,途观,4,24.0,96.0,山东,烟台,烟台大众4S店
2025-03-26,长安,逸动,4,17.4,69.6,河北,石家庄,石家庄长安4S店
2025-03-26,小鹏,G6,4,20.4,81.6,安徽,合肥,合肥小鹏4S店
2025-03-27,奔驰,GLE,7,49.3,345.1,重庆,重庆市,重庆市奔驰4S店
2025-03-27,蔚来,ET7,1,40.5,40.5,安徽,芜湖,芜湖蔚来4S店
2025-03-27,宝马,5系,5,52.5,262.5,安徽,合肥,合肥宝马4S店
2025-03-27,特斯拉,Model 3,5,35.4,177.0,四川,绵阳,绵阳特斯拉4S店
2025-03-29,大众,朗逸,7,19.1,133.7,湖南,长沙,长沙大众4S店
2025-03-29,长城,炮,10,24.4,244.0,山东,烟台,烟台长城4S店
2025-03-29,奔驰,E级,9,59.3,533.7,重庆,重庆市,重庆市奔驰4S店
2025-03-29,比亚迪,汉,10,14.0,140.0,江苏,南京,南京比亚迪4S店
2025-03-30,长安,逸动,2,17.1,34.2,广东,佛山,佛山长安4S店
2025-03-30,宝马,5系,5,57.2,286.0,江苏,苏州,苏州宝马4S店
2025-03-30,丰田,凯美瑞,4,31.3,125.2,北京,北京市,北京市丰田4S店
2025-03-31,大众,迈腾,4,18.0,72.0,湖北,襄阳,襄阳大众4S店
2025-03-31,长安,UNI-K,9,17.9,161.1,山东,济南,济南长安4S店
2025-03-31,长城,炮,5,11.6,58.0,陕西,西安,西安长城4S店
2025-04-01,奔驰,C级,6,37.2,223.2,河北,唐山,唐山奔驰4S店
2025-04-01,理想,L8,6,41.7,250.2,山东,济南,济南理想4S店
2025-04-01,本田,飞度,2,11.0,22.0,福建,厦门,厦门本田4S店
2025-04-02,长安,UNI-V,10,8.5,85.0,河南,洛阳,洛阳长安4S店
2025-04-02,特斯拉,Model 3,4,43.4,173.6,浙江,温州,温州特斯拉4S店
2025-04-02,理想,L8,4,30.3,121.2,湖南,长沙,长沙理想4S店
2025-04-02,理想,L7,7,41.1,287.7,浙江,宁波,宁波理想4S店
2025-04-02,长安,逸动,8,16.8,134.4,山东,济南,济南长安4S店
2025-04-02,宝马,X5,5,37.6,188.0,湖南,株洲,株洲宝马4S店
2025-04-02,理想,L7,8,34.0,272.0,浙江,杭州,杭州理想4S店
2025-04-03,长安,逸动,4,19.8,79.2,陕西,西安,西安长安4S店
2025-04-03,小鹏,G9,9,38.8,349.2,广东,佛山,佛山小鹏4S店
2025-04-03,特斯拉,Model 3,1,58.6,58.6,湖南,株洲,株洲特斯拉4S店
2025-04-04,本田,飞度,2,13.7,27.4,四川,成都,成都本田4S店
2025-04-05,丰田,RAV4,3,16.5,49.5,福建,福州,福州丰田4S店
2025-04-05,比亚迪,海豹,10,22.3,223.0,湖南,长沙,长沙比亚迪4S店
2025-04-06,比亚迪,唐,5,16.7,83.5,湖南,长沙,长沙比亚迪4S店
2025-04-06,丰田,汉兰达,1,24.9,24.9,北京,北京市,北京市丰田4S店
2025-04-07,小鹏,G9,9,34.5,310.5,浙江,宁波,宁波小鹏4S店
2025-04-07,奥迪,A6L,7,52.4,366.8,安徽,芜湖,芜湖奥迪4S店
2025-04-08,比亚迪,海豚,3,16.3,48.9,河南,郑州,郑州比亚迪4S店
2025-04-08,蔚来,EC6,7,33.2,232.4,北京,北京市,北京市蔚来4S店
2025-04-08,长安,逸动,6,14.5,87.0,安徽,芜湖,芜湖长安4S店
2025-04-09,奔驰,GLE,3,57.1,171.3,湖南,株洲,株洲奔驰4S店
2025-04-09,丰田,RAV4,4,24.8,99.2,江苏,苏州,苏州丰田4S店
2025-04-09,宝马,3系,3,58.4,175.2,河北,石家庄,石家庄宝马4S店
2025-04-09,吉利,博越,3,13.7,41.1,湖北,襄阳,襄阳吉利4S店
2025-04-10,本田,飞度,2,12.7,25.4,广东,深圳,深圳本田4S店
2025-04-10,奥迪,Q3,5,42.2,211.0,广东,佛山,佛山奥迪4S店
2025-04-11,丰田,RAV4,5,18.9,94.5,重庆,重庆市,重庆市丰田4S店
2025-04-12,蔚来,ET7,6,58.5,351.0,广东,深圳,深圳蔚来4S店
2025-04-13,特斯拉,Model 3,8,54.8,438.4,广东,佛山,佛山特斯拉4S店
2025-04-13,小鹏,P7,8,24.7,197.6,北京,北京市,北京市小鹏4S店
2025-04-13,丰田,RAV4,3,27.8,83.4,安徽,合肥,合肥丰田4S店
2025-04-13,本田,雅阁,5,24.8,124.0,广东,广州,广州本田4S店
2025-04-14,理想,L9,10,33.0,330.0,江苏,苏州,苏州理想4S店
2025-04-15,宝马,5系,6,39.4,236.4,安徽,芜湖,芜湖宝马4S店
2025-04-16,吉利,星越L,2,11.5,23.0,四川,绵阳,绵阳吉利4S店
2025-04-16,本田,思域,9,18.7,168.3,广东,东莞,东莞本田4S店
2025-04-16,吉利,博越,5,15.5,77.5,福建,福州,福州吉利4S店
2025-04-16,蔚来,ET5,2,39.0,78.0,福建,厦门,厦门蔚来4S店
2025-04-16,吉利,星瑞,5,13.5,67.5,广东,东莞,东莞吉利4S店
2025-04-17,理想,L8,1,36.1,36.1,浙江,杭州,杭州理想4S店
2025-04-17,奥迪,Q5L,2,38.9,77.8,上海,上海市,上海市奥迪4S店
2025-04-17,理想,L9,7,41.8,292.6,湖南,株洲,株洲理想4S店
2025-04-18,小鹏,G9,1,28.3,28.3,四川,绵阳,绵阳小鹏4S店
2025-04-18,长安,UNI-V,5,8.7,43.5,河北,石家庄,石家庄长安4S店
2025-04-19,长城,坦克300,8,17.9,143.2,广东,东莞,东莞长城4S店
2025-04-19,小鹏,P7,7,22.5,157.5,上海,上海市,上海市小鹏4S店
2025-04-19,蔚来,ET5,3,47.7,143.1,上海,上海市,上海市蔚来4S店
2025-04-21,理想,L7,3,36.6,109.8,河北,石家庄,石家庄理想4S店
2025-04-22,宝马,X5,8,39.3,314.4,山东,青岛,青岛宝马4S店
2025-04-23,大众,速腾,9,17.0,153.0,浙江,杭州,杭州大众4S店
2025-04-23,小鹏,G6,5,24.6,123.0,山东,济南,济南小鹏4S店
2025-04-24,奔驰,E级,10,42.2,422.0,山东,青岛,青岛奔驰4S店
2025-04-24,丰田,凯美瑞,8,23.0,184.0,安徽,芜湖,芜湖丰田4S店
2025-04-24,丰田,RAV4,5,19.6,98.0,浙江,温州,温州丰田4S店
2025-04-24,丰田,RAV4,5,12.5,62.5,重庆,重庆市,重庆市丰田4S店
2025-04-24,奔驰,GLC,3,61.5,184.5,广东,东莞,东莞奔驰4S店
2025-04-25,长城,炮,7,26.3,184.1,江苏,无锡,无锡长城4S店
2025-04-25,理想,L8,10,36.6,366.0,湖南,株洲,株洲理想4S店
2025-04-25,大众,速腾,6,13.9,83.4,河南,郑州,郑州大众4S店
2025-04-26,大众,途观,3,23.5,70.5,上海,上海市,上海市大众4S店
2025-04-28,特斯拉,Model 3,2,55.1,110.2,湖北,武汉,武汉特斯拉4S店
2025-04-28,丰田,汉兰达,5,20.0,100.0,浙江,温州,温州丰田4S店
2025-04-30,理想,L8,8,30.9,247.2,安徽,芜湖,芜湖理想4S店
2025-05-01,长城,坦克300,4,14.5,58.0,广东,广州,广州长城4S店
2025-05-01,奔驰,C级,1,45.0,45.0,山东,济南,济南奔驰4S店
2025-05-01,蔚来,ES6,4,56.2,224.8,浙江,杭州,杭州蔚来4S店
2025-05-02,丰田,RAV4,10,31.8,318.0,福建,厦门,厦门丰田4S店
2025-05-03,比亚迪,宋PLUS,2,27.6,55.2,上海,上海市,上海市比亚迪4S店
2025-05-03,奥迪,Q3,8,28.4,227.2,福建,福州,福州奥迪4S店
2025-05-04,蔚来,ET7,4,44.7,178.8,安徽,芜湖,芜湖蔚来4S店
2025-05-04,丰田,RAV4,5,13.1,65.5,四川,绵阳,绵阳丰田4S店
2025-05-04,本田,思域,4,21.5,86.0,湖南,株洲,株洲本田4S店
2025-05-05,小鹏,G6,4,36.1,144.4,上海,上海市,上海市小鹏4S店
2025-05-05,大众,朗逸,2,23.4,46.8,河北,唐山,唐山大众4S店
2025-05-05,小鹏,G6,7,31.4,219.8,山东,济南,济南小鹏4S店
2025-05-05,大众,速腾,9,13.1,117.9,浙江,温州,温州大众4S店
2025-05-05,比亚迪,唐,4,28.1,112.4,福建,福州,福州比亚迪4S店
2025-05-05,小鹏,G6,8,39.2,313.6,福建,厦门,厦门小鹏4S店
2025-05-05,吉利,博越,7,17.7,123.9,上海,上海市,上海市吉利4S店
2025-05-06,蔚来,ET5,4,42.1,168.4,湖北,武汉,武汉蔚来4S店
2025-05-06,吉利,星越L,1,17.8,17.8,湖北,襄阳,襄阳吉利4S店
2025-05-07,蔚来,EC6,3,43.3,129.9,广东,深圳,深圳蔚来4S店
2025-05-07,蔚来,ET5,2,36.0,72.0,湖北,武汉,武汉蔚来4S店
2025-05-08,比亚迪,汉,8,17.7,141.6,河北,唐山,唐山比亚迪4S店
2025-05-08,奔驰,GLC,2,40.9,81.8,湖南,株洲,株洲奔驰4S店
2025-05-08,理想,L9,2,37.1,74.2,上海,上海市,上海市理想4S店
2025-05-08,大众,迈腾,4,22.4,89.6,江苏,南京,南京大众4S店
2025-05-09,比亚迪,唐,6,19.6,117.6,湖北,武汉,武汉比亚迪4S店
2025-05-09,特斯拉,Model Y,3,48.3,144.9,北京,北京市,北京市特斯拉4S店
2025-05-09,吉利,帝豪,4,13.7,54.8,重庆,重庆市,重庆市吉利4S店
2025-05-10,大众,速腾,5,14.2,71.0,北京,北京市,北京市大众4S店
2025-05-11,本田,CR-V,8,11.8,94.4,安徽,芜湖,芜湖本田4S店
2025-05-13,蔚来,ET5,7,38.6,270.2,北京,北京市,北京市蔚来4S店
2025-05-13,大众,速腾,10,24.4,244.0,湖南,长沙,长沙大众4S店
2025-05-14,丰田,RAV4,7,17.5,122.5,广东,东莞,东莞丰田4S店
2025-05-14,奔驰,GLC,6,38.5,231.0,山东,青岛,青岛奔驰4S店
2025-05-14,理想,L7,7,30.6,214.2,陕西,西安,西安理想4S店
2025-05-14,小鹏,G9,3,24.7,74.1,河北,石家庄,石家庄小鹏4S店
2025-05-15,吉利,博越,2,13.1,26.2,陕西,西安,西安吉利4S店
2025-05-15,长安,逸动,7,12.5,87.5,山东,烟台,烟台长安4S店
2025-05-16,长城,哈弗H6,3,13.1,39.3,湖北,武汉,武汉长城4S店
2025-05-16,小鹏,G9,4,31.8,127.2,河南,郑州,郑州小鹏4S店
2025-05-16,宝马,X5,6,49.5,297.0,陕西,西安,西安宝马4S店
2025-05-16,丰田,凯美瑞,6,27.9,167.4,江苏,南京,南京丰田4S店
2025-05-17,蔚来,ET5,3,48.3,144.9,湖北,武汉,武汉蔚来4S店
2025-05-18,宝马,3系,5,40.1,200.5,江苏,苏州,苏州宝马4S店
2025-05-18,长城,坦克300,1,20.3,20.3,四川,成都,成都长城4S店
2025-05-19,吉利,星瑞,10,9.4,94.0,安徽,合肥,合肥吉利4S店
2025-05-19,特斯拉,Model 3,7,28.1,196.7,四川,绵阳,绵阳特斯拉4S店
2025-05-19,小鹏,P7,7,31.1,217.7,浙江,杭州,杭州小鹏4S店
2025-05-20,本田,雅阁,4,20.8,83.2,福建,厦门,厦门本田4S店
2025-05-20,奥迪,A6L,2,49.9,99.8,重庆,重庆市,重庆市奥迪4S店
2025-05-20,丰田,卡罗拉,8,19.6,156.8,福建,厦门,厦门丰田4S店
2025-05-20,理想,L8,8,43.8,350.4,河北,唐山,唐山理想4S店
2025-05-20,蔚来,ET7,1,35.6,35.6,广东,广州,广州蔚来4S店
2025-05-21,长安,CS75,2,12.2,24.4,江苏,苏州,苏州长安4S店
2025-05-21,丰田,RAV4,8,15.9,127.2,湖南,株洲,株洲丰田4S店
2025-05-21,丰田,凯美瑞,3,25.3,75.9,四川,成都,成都丰田4S店
2025-05-21,理想,L9,9,48.3,434.7,广东,广州,广州理想4S店
2025-05-21,特斯拉,Model 3,9,58.5,526.5,湖北,武汉,武汉特斯拉4S店
2025-05-22,比亚迪,秦PLUS,3,16.7,50.1,福建,厦门,厦门比亚迪4S店
2025-05-22,丰田,卡罗拉,8,33.8,270.4,上海,上海市,上海市丰田4S店
2025-05-22,理想,L7,9,49.8,448.2,江苏,南京,南京理想4S店
2025-05-22,小鹏,G6,7,27.1,189.7,河南,郑州,郑州小鹏4S店
2025-05-23,长城,坦克300,3,14.3,42.9,安徽,芜湖,芜湖长城4S店
2025-05-23,理想,L7,5,49.3,246.5,山东,烟台,烟台理想4S店
2025-05-23,小鹏,G6,2,25.0,50.0,四川,成都,成都小鹏4S店
2025-05-23,大众,速腾,8,16.5,132.0,上海,上海市,上海市大众4S店
2025-05-23,特斯拉,Model Y,4,27.8,111.2,河北,石家庄,石家庄特斯拉4S店
2025-05-24,理想,L8,10,37.3,373.0,浙江,温州,温州理想4S店
2025-05-25,蔚来,EC6,10,55.1,551.0,福建,厦门,厦门蔚来4S店
2025-05-25,特斯拉,Model 3,10,42.4,424.0,浙江,宁波,宁波特斯拉4S店
2025-05-25,小鹏,G6,3,32.1,96.3,湖北,武汉,武汉小鹏4S店
2025-05-26,本田,雅阁,10,15.0,150.0,福建,福州,福州本田4S店
2025-05-26,理想,L7,9,35.0,315.0,江苏,南京,南京理想4S店
2025-05-26,奥迪,Q3,3,51.7,155.1,陕西,西安,西安奥迪4S店
2025-05-26,长城,炮,5,20.6,103.0,河南,郑州,郑州长城4S店
2025-05-26,长安,CS75,5,14.2,71.0,北京,北京市,北京市长安4S店
2025-05-27,奔驰,GLE,5,36.2,181.0,浙江,杭州,杭州奔驰4S店
2025-05-27,吉利,帝豪,7,16.5,115.5,广东,东莞,东莞吉利4S店
2025-05-27,奥迪,A4L,2,28.8,57.6,陕西,西安,西安奥迪4S店
2025-05-28,长安,UNI-V,10,12.2,122.0,湖北,武汉,武汉长安4S店
2025-05-28,特斯拉,Model S,7,48.7,340.9,重庆,重庆市,重庆市特斯拉4S店
2025-05-28,宝马,X3,2,49.4,98.8,福建,福州,福州宝马4S店
2025-05-29,特斯拉,Model 3,7,55.3,387.1,江苏,苏州,苏州特斯拉4S店
2025-05-29,奔驰,GLE,3,39.9,119.7,陕西,西安,西安奔驰4S店
2025-05-30,蔚来,ET7,4,59.0,236.0,山东,青岛,青岛蔚来4S店
2025-05-30,本田,CR-V,9,24.3,218.7,重庆,重庆市,重庆市本田4S店
2025-05-30,蔚来,EC6,7,48.2,337.4,江苏,苏州,苏州蔚来4S店
2025-05-30,奥迪,A6L,5,28.7,143.5,山东,烟台,烟台奥迪4S店
2025-05-31,比亚迪,汉,2,15.2,30.4,上海,上海市,上海市比亚迪4S店
2025-05-31,比亚迪,汉,1,28.0,28.0,北京,北京市,北京市比亚迪4S店
2025-06-01,比亚迪,唐,1,17.9,17.9,湖南,长沙,长沙比亚迪4S店
2025-06-02,理想,L9,5,49.8,249.0,湖南,长沙,长沙理想4S店
2025-06-02,长城,哈弗H6,6,19.6,117.6,江苏,无锡,无锡长城4S店
2025-06-03,比亚迪,海豚,10,26.0,260.0,浙江,杭州,杭州比亚迪4S店
2025-06-04,本田,飞度,3,12.2,36.6,河南,洛阳,洛阳本田4S店
2025-06-04,大众,朗逸,1,15.6,15.6,河北,石家庄,石家庄大众4S店
2025-06-04,吉利,星越L,7,12.0,84.0,浙江,温州,温州吉利4S店
2025-06-06,蔚来,EC6,7,42.7,298.9,陕西,西安,西安蔚来4S店
2025-06-06,丰田,RAV4,9,16.9,152.1,广东,深圳,深圳丰田4S店
2025-06-07,本田,CR-V,8,17.7,141.6,四川,成都,成都本田4S店
2025-06-07,特斯拉,Model 3,4,43.5,174.0,河南,洛阳,洛阳特斯拉4S店
2025-06-07,蔚来,EC6,5,51.3,256.5,河南,郑州,郑州蔚来4S店
2025-06-08,宝马,X3,3,30.2,90.6,湖南,株洲,株洲宝马4S店
2025-06-08,长城,炮,8,24.2,193.6,四川,成都,成都长城4S店
2025-06-09,特斯拉,Model S,5,25.9,129.5,湖南,株洲,株洲特斯拉4S店
2025-06-09,吉利,帝豪,2,13.5,27.0,浙江,杭州,杭州吉利4S店
2025-06-10,奔驰,C级,10,45.4,454.0,浙江,宁波,宁波奔驰4S店
2025-06-10,长安,UNI-K,7,14.9,104.3,江苏,南京,南京长安4S店
2025-06-10,长城,坦克300,2,15.0,30.0,北京,北京市,北京市长城4S店
2025-06-10,大众,迈腾,6,23.7,142.2,湖北,襄阳,襄阳大众4S店
2025-06-10,特斯拉,Model 3,3,35.7,107.1,山东,烟台,烟台特斯拉4S店
2025-06-10,奔驰,C级,1,33.8,33.8,北京,北京市,北京市奔驰4S店
2025-06-10,奔驰,C级,8,50.8,406.4,四川,成都,成都奔驰4S店
2025-06-11,特斯拉,Model S,3,43.8,131.4,浙江,杭州,杭州特斯拉4S店
2025-06-11,本田,飞度,9,24.8,223.2,四川,绵阳,绵阳本田4S店
2025-06-11,小鹏,P7,2,25.0,50.0,浙江,温州,温州小鹏4S店
2025-06-11,奔驰,E级,4,30.2,120.8,河北,石家庄,石家庄奔驰4S店
2025-06-11,蔚来,ET5,4,30.4,121.6,河南,郑州,郑州蔚来4S店
2025-06-12,长城,炮,8,27.7,221.6,陕西,西安,西安长城4S店
2025-06-12,宝马,3系,5,32.7,163.5,四川,绵阳,绵阳宝马4S店
2025-06-12,吉利,星瑞,8,16.1,128.8,安徽,合肥,合肥吉利4S店
2025-06-12,特斯拉,Model S,2,43.7,87.4,广东,东莞,东莞特斯拉4S店
2025-06-13,特斯拉,Model Y,2,26.6,53.2,北京,北京市,北京市特斯拉4S店
2025-06-13,大众,朗逸,6,22.3,133.8,四川,成都,成都大众4S店
2025-06-13,吉利,博越,4,11.3,45.2,广东,广州,广州吉利4S店
2025-06-13,小鹏,G6,5,33.4,167.0,广东,深圳,深圳小鹏4S店
2025-06-14,长安,逸动,5,8.8,44.0,湖南,株洲,株洲长安4S店
2025-06-15,理想,L7,2,46.6,93.2,江苏,苏州,苏州理想4S店
2025-06-15,长安,UNI-V,4,8.3,33.2,福建,福州,福州长安4S店
2025-06-15,理想,L8,10,36.8,368.0,广东,佛山,佛山理想4S店
2025-06-15,比亚迪,秦PLUS,3,13.0,39.0,河北,石家庄,石家庄比亚迪4S店
2025-06-15,宝马,X5,7,54.6,382.2,陕西,西安,西安宝马4S店
2025-06-16,理想,L7,1,34.6,34.6,河北,唐山,唐山理想4S店
2025-06-16,丰田,汉兰达,8,14.6,116.8,湖北,襄阳,襄阳丰田4S店
2025-06-16,理想,L8,5,35.2,176.0,浙江,杭州,杭州理想4S店
2025-06-16,宝马,X3,5,35.6,178.0,浙江,宁波,宁波宝马4S店
2025-06-17,长城,坦克300,10,16.1,161.0,安徽,芜湖,芜湖长城4S店
2025-06-17,奥迪,A4L,3,27.7,83.1,重庆,重庆市,重庆市奥迪4S店
2025-06-18,奔驰,GLE,7,41.5,290.5,陕西,西安,西安奔驰4S店
2025-06-18,本田,思域,6,13.9,83.4,安徽,合肥,合肥本田4S店
2025-06-18,长安,UNI-V,3,16.3,48.9,湖南,株洲,株洲长安4S店
2025-06-20,奥迪,A4L,5,28.1,140.5,北京,北京市,北京市奥迪4S店
2025-06-21,宝马,3系,4,34.2,136.8,河南,郑州,郑州宝马4S店
2025-06-21,长安,逸动,3,9.9,29.7,广东,广州,广州长安4S店
2025-06-21,本田,CR-V,5,22.0,110.0,福建,厦门,厦门本田4S店
2025-06-23,吉利,星瑞,4,15.5,62.0,湖南,株洲,株洲吉利4S店
2025-06-23,长安,UNI-K,7,16.5,115.5,福建,福州,福州长安4S店
2025-06-23,奔驰,E级,7,52.8,369.6,广东,广州,广州奔驰4S店
2025-06-24,本田,CR-V,9,18.3,164.7,浙江,杭州,杭州本田4S店
2025-06-24,大众,朗逸,8,13.8,110.4,上海,上海市,上海市大众4S店
2025-06-24,奥迪,Q5L,3,48.3,144.9,河北,石家庄,石家庄奥迪4S店
2025-06-25,长城,哈弗H6,8,10.9,87.2,北京,北京市,北京市长城4S店
2025-06-25,蔚来,ES6,8,50.6,404.8,重庆,重庆市,重庆市蔚来4S店
2025-06-25,本田,飞度,3,22.1,66.3,河南,洛阳,洛阳本田4S店
2025-06-25,特斯拉,Model 3,3,45.8,137.4,陕西,西安,西安特斯拉4S店
2025-06-26,小鹏,P7,5,25.8,129.0,安徽,合肥,合肥小鹏4S店
2025-06-26,比亚迪,海豚,7,12.1,84.7,重庆,重庆市,重庆市比亚迪4S店
2025-06-26,长安,UNI-V,3,12.7,38.1,北京,北京市,北京市长安4S店
2025-06-26,本田,雅阁,9,11.5,103.5,湖南,株洲,株洲本田4S店
2025-06-26,比亚迪,海豚,10,12.4,124.0,浙江,温州,温州比亚迪4S店
2025-06-26,特斯拉,Model S,9,25.3,227.7,河南,郑州,郑州特斯拉4S店
2025-06-27,吉利,星越L,2,14.6,29.2,湖北,襄阳,襄阳吉利4S店
2025-06-27,奥迪,Q5L,4,47.4,189.6,浙江,温州,温州奥迪4S店
2025-06-28,奔驰,GLC,2,42.8,85.6,陕西,西安,西安奔驰4S店
2025-06-29,本田,雅阁,4,13.3,53.2,河南,洛阳,洛阳本田4S店
2025-06-29,蔚来,ES6,3,37.1,111.3,江苏,南京,南京蔚来4S店
2025-06-29,本田,飞度,2,11.9,23.8,江苏,无锡,无锡本田4S店
2025-06-29,长安,CS75,5,13.1,65.5,四川,成都,成都长安4S店
2025-06-29,丰田,RAV4,1,17.8,17.8,北京,北京市,北京市丰田4S店
2025-07-01,理想,L7,10,33.5,335.0,山东,烟台,烟台理想4S店
2025-07-01,理想,L9,5,49.3,246.5,湖北,襄阳,襄阳理想4S店
2025-07-01,丰田,RAV4,4,16.2,64.8,四川,成都,成都丰田4S店
2025-07-03,比亚迪,海豚,7,12.7,88.9,湖北,襄阳,襄阳比亚迪4S店
2025-07-03,长安,CS75,3,18.4,55.2,四川,绵阳,绵阳长安4S店
2025-07-04,大众,途观,9,10.2,91.8,广东,东莞,东莞大众4S店
2025-07-04,奥迪,Q3,1,53.8,53.8,安徽,合肥,合肥奥迪4S店
2025-07-05,丰田,凯美瑞,2,23.7,47.4,河北,石家庄,石家庄丰田4S店
2025-07-05,吉利,星瑞,9,8.7,78.3,四川,绵阳,绵阳吉利4S店
2025-07-05,蔚来,ET7,3,42.4,127.2,陕西,西安,西安蔚来4S店
2025-07-06,奔驰,C级,6,68.0,408.0,湖南,株洲,株洲奔驰4S店
2025-07-06,宝马,X3,6,41.6,249.6,福建,福州,福州宝马4S店
2025-07-06,吉利,博越,3,17.5,52.5,陕西,西安,西安吉利4S店
2025-07-07,小鹏,G6,7,27.3,191.1,北京,北京市,北京市小鹏4S店
2025-07-07,吉利,博越,2,15.6,31.2,北京,北京市,北京市吉利4S店
2025-07-08,大众,速腾,2,19.1,38.2,河北,石家庄,石家庄大众4S店
2025-07-08,特斯拉,Model Y,7,45.1,315.7,陕西,西安,西安特斯拉4S店
2025-07-08,长城,炮,8,29.7,237.6,河北,唐山,唐山长城4S店
2025-07-08,小鹏,G9,2,25.3,50.6,安徽,芜湖,芜湖小鹏4S店
2025-07-08,宝马,3系,10,59.4,594.0,江苏,无锡,无锡宝马4S店
2025-07-09,长城,炮,9,23.9,215.1,河南,郑州,郑州长城4S店
2025-07-09,奔驰,GLC,1,37.5,37.5,江苏,苏州,苏州奔驰4S店
2025-07-10,长安,UNI-V,10,13.9,139.0,陕西,西安,西安长安4S店
2025-07-10,奔驰,GLE,6,63.0,378.0,湖南,长沙,长沙奔驰4S店
2025-07-11,奔驰,E级,7,39.8,278.6,湖南,长沙,长沙奔驰4S店
2025-07-11,奔驰,GLE,7,64.8,453.6,河南,郑州,郑州奔驰4S店
2025-07-11,大众,朗逸,1,11.7,11.7,浙江,温州,温州大众4S店
2025-07-12,长城,坦克300,9,26.3,236.7,上海,上海市,上海市长城4S店
2025-07-12,大众,速腾,4,17.1,68.4,江苏,无锡,无锡大众4S店
2025-07-12,奥迪,A4L,2,44.0,88.0,河南,洛阳,洛阳奥迪4S店
2025-07-13,吉利,星越L,1,8.6,8.6,安徽,合肥,合肥吉利4S店
2025-07-14,长安,逸动,6,14.0,84.0,江苏,苏州,苏州长安4S店
2025-07-14,长城,炮,5,17.8,89.0,广东,佛山,佛山长城4S店
2025-07-15,理想,L7,4,47.2,188.8,浙江,宁波,宁波理想4S店
2025-07-15,长安,UNI-V,10,13.4,134.0,河南,郑州,郑州长安4S店
2025-07-15,吉利,星越L,4,17.7,70.8,河北,石家庄,石家庄吉利4S店
2025-07-15,小鹏,G9,9,27.2,244.8,河北,唐山,唐山小鹏4S店
2025-07-15,奔驰,GLE,6,68.3,409.8,湖北,武汉,武汉奔驰4S店
2025-07-15,长安,UNI-V,3,13.6,40.8,陕西,西安,西安长安4S店
2025-07-15,理想,L7,4,32.4,129.6,河南,洛阳,洛阳理想4S店
2025-07-16,比亚迪,秦PLUS,6,20.7,124.2,北京,北京市,北京市比亚迪4S店
2025-07-16,奔驰,GLC,10,58.5,585.0,北京,北京市,北京市奔驰4S店
2025-07-17,奔驰,GLE,9,51.2,460.8,陕西,西安,西安奔驰4S店
2025-07-17,长城,炮,8,29.6,236.8,北京,北京市,北京市长城4S店
2025-07-17,比亚迪,汉,2,18.3,36.6,安徽,合肥,合肥比亚迪4S店
2025-07-17,本田,CR-V,9,10.4,93.6,陕西,西安,西安本田4S店
2025-07-19,理想,L8,7,30.9,216.3,山东,青岛,青岛理想4S店
2025-07-19,长城,哈弗H6,10,20.7,207.0,上海,上海市,上海市长城4S店
2025-07-20,特斯拉,Model S,4,41.5,166.0,重庆,重庆市,重庆市特斯拉4S店
2025-07-21,理想,L9,8,45.5,364.0,上海,上海市,上海市理想4S店
2025-07-22,长安,CS75,5,8.1,40.5,浙江,杭州,杭州长安4S店
2025-07-22,理想,L8,4,44.9,179.6,山东,济南,济南理想4S店
2025-07-22,本田,思域,10,21.2,212.0,上海,上海市,上海市本田4S店
2025-07-22,宝马,X5,6,54.1,324.6,四川,绵阳,绵阳宝马4S店
2025-07-22,小鹏,P7,1,20.2,20.2,湖南,株洲,株洲小鹏4S店
2025-07-23,蔚来,ES6,4,32.3,129.2,上海,上海市,上海市蔚来4S店
2025-07-23,丰田,RAV4,7,29.8,208.6,四川,绵阳,绵阳丰田4S店
2025-07-23,特斯拉,Model 3,8,27.2,217.6,湖北,武汉,武汉特斯拉4S店
2025-07-23,本田,CR-V,7,16.9,118.3,江苏,无锡,无锡本田4S店
2025-07-24,大众,途观,2,17.7,35.4,山东,济南,济南大众4S店
2025-07-25,本田,思域,10,13.2,132.0,重庆,重庆市,重庆市本田4S店
2025-07-25,奥迪,A4L,1,42.3,42.3,广东,深圳,深圳奥迪4S店
2025-07-25,奔驰,C级,8,49.6,396.8,上海,上海市,上海市奔驰4S店
2025-07-25,长城,哈弗H6,3,13.7,41.1,四川,绵阳,绵阳长城4S店
2025-07-25,宝马,3系,5,47.5,237.5,重庆,重庆市,重庆市宝马4S店
2025-07-25,小鹏,G6,10,36.0,360.0,安徽,合肥,合肥小鹏4S店
2025-07-27,吉利,帝豪,4,11.0,44.0,河南,洛阳,洛阳吉利4S店
2025-07-27,比亚迪,汉,10,13.4,134.0,四川,绵阳,绵阳比亚迪4S店
2025-07-27,奥迪,A6L,4,54.7,218.8,江苏,无锡,无锡奥迪4S店
2025-07-27,奔驰,C级,10,53.3,533.0,陕西,西安,西安奔驰4S店
2025-07-27,理想,L9,6,45.9,275.4,湖北,武汉,武汉理想4S店
2025-07-28,长安,逸动,4,19.1,76.4,陕西,西安,西安长安4S店
2025-07-28,奔驰,GLE,7,55.2,386.4,山东,济南,济南奔驰4S店
2025-07-29,理想,L9,6,31.5,189.0,福建,福州,福州理想4S店
2025-07-29,长城,坦克300,8,18.3,146.4,四川,成都,成都长城4S店
2025-07-29,蔚来,EC6,5,49.8,249.0,浙江,杭州,杭州蔚来4S店
2025-07-30,吉利,星越L,1,16.7,16.7,安徽,合肥,合肥吉利4S店
2025-07-30,长安,UNI-K,2,18.3,36.6,重庆,重庆市,重庆市长安4S店
2025-07-30,本田,飞度,10,19.8,198.0,湖南,株洲,株洲本田4S店
2025-07-30,吉利,星瑞,1,8.3,8.3,湖南,株洲,株洲吉利4S店
2025-07-31,本田,CR-V,10,10.9,109.0,重庆,重庆市,重庆市本田4S店
2025-07-31,大众,帕萨特,3,11.0,33.0,北京,北京市,北京市大众4S店
2025-07-31,比亚迪,宋PLUS,4,12.7,50.8,山东,青岛,青岛比亚迪4S店
2025-07-31,宝马,3系,5,51.0,255.0,浙江,宁波,宁波宝马4S店
2025-07-31,宝马,X5,8,30.7,245.6,湖南,长沙,长沙宝马4S店
2025-07-31,吉利,博越,10,15.0,150.0,北京,北京市,北京市吉利4S店
2025-07-31,比亚迪,汉,4,17.0,68.0,北京,北京市,北京市比亚迪4S店
2025-07-31,小鹏,G6,8,24.8,198.4,安徽,合肥,合肥小鹏4S店
2025-08-01,比亚迪,宋PLUS,7,26.7,186.9,重庆,重庆市,重庆市比亚迪4S店
2025-08-01,长城,哈弗H6,10,26.7,267.0,河南,洛阳,洛阳长城4S店
2025-08-01,本田,雅阁,2,21.3,42.6,山东,青岛,青岛本田4S店
2025-08-01,蔚来,ET7,4,52.7,210.8,河北,石家庄,石家庄蔚来4S店
2025-08-01,理想,L8,1,45.9,45.9,陕西,西安,西安理想4S店
2025-08-02,大众,朗逸,6,17.9,107.4,上海,上海市,上海市大众4S店
2025-08-02,奥迪,Q3,5,28.7,143.5,四川,成都,成都奥迪4S店
2025-08-02,理想,L7,4,47.4,189.6,安徽,合肥,合肥理想4S店
2025-08-02,大众,帕萨特,10,20.1,201.0,福建,福州,福州大众4S店
2025-08-02,大众,途观,3,25.0,75.0,广东,广州,广州大众4S店
2025-08-03,吉利,博越,5,12.9,64.5,河南,洛阳,洛阳吉利4S店
2025-08-03,奥迪,Q5L,5,29.7,148.5,安徽,芜湖,芜湖奥迪4S店
2025-08-03,长城,炮,2,19.1,38.2,陕西,西安,西安长城4S店
2025-08-03,丰田,凯美瑞,9,26.5,238.5,河北,石家庄,石家庄丰田4S店
2025-08-03,蔚来,EC6,7,41.0,287.0,江苏,苏州,苏州蔚来4S店
2025-08-03,本田,CR-V,8,21.0,168.0,江苏,无锡,无锡本田4S店
2025-08-04,本田,飞度,6,21.7,130.2,江苏,南京,南京本田4S店
2025-08-04,小鹏,G6,10,27.4,274.0,江苏,苏州,苏州小鹏4S店
2025-08-05,宝马,3系,1,46.2,46.2,重庆,重庆市,重庆市宝马4S店
2025-08-05,大众,迈腾,3,19.5,58.5,湖北,武汉,武汉大众4S店
2025-08-05,蔚来,ES6,4,44.3,177.2,河南,郑州,郑州蔚来4S店
2025-08-05,长城,哈弗H6,10,20.3,203.0,河北,唐山,唐山长城4S店
2025-08-06,特斯拉,Model S,4,54.1,216.4,江苏,南京,南京特斯拉4S店
2025-08-07,长安,UNI-V,10,11.1,111.0,湖南,株洲,株洲长安4S店
2025-08-09,奥迪,A6L,8,37.4,299.2,河南,洛阳,洛阳奥迪4S店
2025-08-09,理想,L9,3,49.5,148.5,江苏,苏州,苏州理想4S店
2025-08-10,长城,炮,6,15.0,90.0,福建,厦门,厦门长城4S店
2025-08-11,长城,哈弗H6,8,16.9,135.2,山东,济南,济南长城4S店
2025-08-11,宝马,3系,5,35.0,175.0,湖南,长沙,长沙宝马4S店
2025-08-12,蔚来,ES6,2,31.7,63.4,重庆,重庆市,重庆市蔚来4S店
2025-08-13,吉利,星越L,4,9.2,36.8,上海,上海市,上海市吉利4S店
2025-08-13,特斯拉,Model Y,7,49.1,343.7,江苏,无锡,无锡特斯拉4S店
2025-08-13,比亚迪,海豚,4,17.3,69.2,四川,绵阳,绵阳比亚迪4S店
2025-08-13,小鹏,G6,2,36.6,73.2,陕西,西安,西安小鹏4S店
2025-08-13,蔚来,ET5,3,37.0,111.0,北京,北京市,北京市蔚来4S店
2025-08-14,奔驰,GLC,8,68.9,551.2,安徽,芜湖,芜湖奔驰4S店
2025-08-15,长安,UNI-K,9,18.0,162.0,四川,成都,成都长安4S店
2025-08-15,宝马,X3,7,49.2,344.4,安徽,芜湖,芜湖宝马4S店
2025-08-15,小鹏,G6,7,25.4,177.8,湖南,长沙,长沙小鹏4S店
2025-08-15,长安,逸动,4,13.3,53.2,浙江,温州,温州长安4S店
2025-08-15,蔚来,EC6,4,34.6,138.4,上海,上海市,上海市蔚来4S店
2025-08-15,特斯拉,Model S,4,46.0,184.0,重庆,重庆市,重庆市特斯拉4S店
2025-08-16,小鹏,P7,9,31.5,283.5,山东,青岛,青岛小鹏4S店
2025-08-16,小鹏,G9,8,29.0,232.0,四川,绵阳,绵阳小鹏4S店
2025-08-17,宝马,X5,10,43.9,439.0,安徽,合肥,合肥宝马4S店
2025-08-17,小鹏,G9,2,39.0,78.0,浙江,温州,温州小鹏4S店
2025-08-18,丰田,凯美瑞,8,19.1,152.8,重庆,重庆市,重庆市丰田4S店
2025-08-19,小鹏,G9,6,33.0,198.0,湖南,株洲,株洲小鹏4S店
2025-08-19,宝马,3系,7,42.4,296.8,湖北,襄阳,襄阳宝马4S店
2025-08-19,奥迪,Q5L,9,28.9,260.1,福建,福州,福州奥迪4S店
2025-08-19,奥迪,A6L,7,35.7,249.9,河南,郑州,郑州奥迪4S店
2025-08-19,本田,CR-V,2,22.9,45.8,四川,成都,成都本田4S店
2025-08-19,奥迪,A6L,1,53.9,53.9,湖北,武汉,武汉奥迪4S店
2025-08-19,蔚来,EC6,6,37.8,226.8,湖北,襄阳,襄阳蔚来4S店
2025-08-20,比亚迪,秦PLUS,5,17.4,87.0,上海,上海市,上海市比亚迪4S店
2025-08-20,特斯拉,Model S,9,55.4,498.6,陕西,西安,西安特斯拉4S店
2025-08-21,特斯拉,Model Y,2,33.8,67.6,河北,唐山,唐山特斯拉4S店
2025-08-21,比亚迪,秦PLUS,6,29.6,177.6,上海,上海市,上海市比亚迪4S店
2025-08-21,比亚迪,唐,3,20.1,60.3,重庆,重庆市,重庆市比亚迪4S店
2025-08-21,特斯拉,Model Y,3,36.3,108.9,安徽,合肥,合肥特斯拉4S店
2025-08-22,大众,迈腾,9,20.0,180.0,湖南,株洲,株洲大众4S店
2025-08-22,吉利,博越,10,11.8,118.0,湖北,武汉,武汉吉利4S店
2025-08-22,宝马,5系,4,59.4,237.6,湖南,株洲,株洲宝马4S店
2025-08-22,理想,L8,7,34.0,238.0,陕西,西安,西安理想4S店
2025-08-22,蔚来,EC6,2,57.9,115.8,河北,唐山,唐山蔚来4S店
2025-08-23,宝马,3系,10,30.3,303.0,湖南,长沙,长沙宝马4S店
2025-08-23,丰田,汉兰达,1,21.3,21.3,湖南,株洲,株洲丰田4S店
2025-08-24,本田,雅阁,9,17.0,153.0,陕西,西安,西安本田4S店
2025-08-25,特斯拉,Model S,8,54.1,432.8,重庆,重庆市,重庆市特斯拉4S店
2025-08-25,小鹏,G9,10,35.0,350.0,河北,石家庄,石家庄小鹏4S店
2025-08-26,小鹏,G9,8,35.2,281.6,福建,厦门,厦门小鹏4S店
2025-08-27,奥迪,Q3,9,45.3,407.7,四川,成都,成都奥迪4S店
2025-08-27,特斯拉,Model Y,3,40.7,122.1,上海,上海市,上海市特斯拉4S店
2025-08-27,本田,雅阁,10,22.6,226.0,北京,北京市,北京市本田4S店
2025-08-27,长城,哈弗H6,5,11.3,56.5,福建,厦门,厦门长城4S店
2025-08-27,长城,哈弗H6,4,24.7,98.8,河北,唐山,唐山长城4S店
2025-08-27,长安,逸动,8,9.1,72.8,上海,上海市,上海市长安4S店
2025-08-27,吉利,帝豪,10,13.2,132.0,上海,上海市,上海市吉利4S店
2025-08-28,大众,速腾,7,18.0,126.0,湖南,长沙,长沙大众4S店
2025-08-28,理想,L9,9,48.7,438.3,四川,成都,成都理想4S店
2025-08-29,小鹏,G6,6,38.3,229.8,山东,青岛,青岛小鹏4S店
2025-08-29,吉利,帝豪,8,14.9,119.2,河北,唐山,唐山吉利4S店
2025-08-30,比亚迪,汉,3,18.2,54.6,河北,唐山,唐山比亚迪4S店
2025-08-30,奥迪,Q5L,9,27.7,249.3,河南,郑州,郑州奥迪4S店
2025-08-30,丰田,卡罗拉,7,32.0,224.0,湖北,襄阳,襄阳丰田4S店
2025-08-30,长安,UNI-V,8,12.4,99.2,河南,郑州,郑州长安4S店
2025-08-30,比亚迪,汉,9,14.2,127.8,浙江,杭州,杭州比亚迪4S店
2025-08-30,长城,炮,2,23.3,46.6,福建,厦门,厦门长城4S店
2025-08-31,奔驰,GLC,3,67.4,202.2,福建,福州,福州奔驰4S店
2025-09-01,奥迪,Q5L,5,47.6,238.0,河北,唐山,唐山奥迪4S店
2025-09-01,长安,CS75,9,18.5,166.5,湖北,武汉,武汉长安4S店
2025-09-03,奥迪,Q3,5,35.8,179.0,四川,成都,成都奥迪4S店
2025-09-04,大众,帕萨特,10,22.5,225.0,广东,深圳,深圳大众4S店
2025-09-05,本田,CR-V,4,24.7,98.8,江苏,南京,南京本田4S店
2025-09-06,丰田,凯美瑞,3,35.0,105.0,上海,上海市,上海市丰田4S店
2025-09-06,蔚来,ET7,9,46.8,421.2,安徽,芜湖,芜湖蔚来4S店
2025-09-07,宝马,5系,1,39.4,39.4,北京,北京市,北京市宝马4S店
2025-09-07,本田,CR-V,10,18.4,184.0,北京,北京市,北京市本田4S店
2025-09-07,奔驰,E级,9,52.4,471.6,浙江,杭州,杭州奔驰4S店
2025-09-08,本田,雅阁,8,12.8,102.4,湖南,长沙,长沙本田4S店
2025-09-09,理想,L9,4,43.7,174.8,广东,东莞,东莞理想4S店
2025-09-09,大众,速腾,4,14.2,56.8,河北,石家庄,石家庄大众4S店
2025-09-09,奥迪,A6L,4,29.9,119.6,北京,北京市,北京市奥迪4S店
2025-09-10,奔驰,GLC,2,51.8,103.6,陕西,西安,西安奔驰4S店
2025-09-11,理想,L8,4,33.6,134.4,山东,青岛,青岛理想4S店
2025-09-12,长安,逸动,5,10.8,54.0,四川,绵阳,绵阳长安4S店
2025-09-12,丰田,RAV4,5,22.4,112.0,浙江,温州,温州丰田4S店
2025-09-13,吉利,星越L,2,17.1,34.2,江苏,苏州,苏州吉利4S店
2025-09-13,本田,飞度,7,10.3,72.1,湖北,襄阳,襄阳本田4S店
2025-09-13,理想,L9,3,33.3,99.9,江苏,南京,南京理想4S店
2025-09-13,奔驰,GLE,5,32.4,162.0,河南,郑州,郑州奔驰4S店
2025-09-13,特斯拉,Model S,1,46.7,46.7,北京,北京市,北京市特斯拉4S店
2025-09-14,大众,朗逸,6,16.8,100.8,安徽,合肥,合肥大众4S店
2025-09-14,比亚迪,秦PLUS,6,10.8,64.8,河北,唐山,唐山比亚迪4S店
2025-09-14,奔驰,E级,8,60.5,484.0,湖北,武汉,武汉奔驰4S店
2025-09-15,理想,L9,9,33.1,297.9,上海,上海市,上海市理想4S店
2025-09-15,长安,UNI-V,8,18.4,147.2,上海,上海市,上海市长安4S店
2025-09-15,长安,逸动,8,9.4,75.2,广东,深圳,深圳长安4S店
2025-09-15,吉利,星瑞,6,15.1,90.6,湖北,襄阳,襄阳吉利4S店
2025-09-16,奥迪,Q5L,1,52.2,52.2,上海,上海市,上海市奥迪4S店
2025-09-16,长城,哈弗H6,8,10.8,86.4,四川,成都,成都长城4S店
2025-09-16,奥迪,Q5L,10,26.8,268.0,重庆,重庆市,重庆市奥迪4S店
2025-09-16,大众,迈腾,10,11.1,111.0,北京,北京市,北京市大众4S店
2025-09-16,奔驰,GLE,4,69.2,276.8,江苏,苏州,苏州奔驰4S店
2025-09-16,大众,迈腾,7,18.1,126.7,上海,上海市,上海市大众4S店
2025-09-17,本田,飞度,7,16.4,114.8,上海,上海市,上海市本田4S店
2025-09-17,本田,雅阁,9,22.6,203.4,广东,东莞,东莞本田4S店
2025-09-17,丰田,汉兰达,4,21.3,85.2,上海,上海市,上海市丰田4S店
2025-09-17,特斯拉,Model S,5,27.5,137.5,山东,济南,济南特斯拉4S店
2025-09-18,奔驰,GLC,2,67.6,135.2,重庆,重庆市,重庆市奔驰4S店
2025-09-18,蔚来,EC6,8,42.5,340.0,四川,成都,成都蔚来4S店
2025-09-18,宝马,3系,3,40.9,122.7,浙江,宁波,宁波宝马4S店
2025-09-18,蔚来,ET5,8,57.1,456.8,陕西,西安,西安蔚来4S店
2025-09-19,奥迪,A4L,9,38.6,347.4,河南,洛阳,洛阳奥迪4S店
2025-09-19,长安,逸动,7,12.5,87.5,北京,北京市,北京市长安4S店
2025-09-20,长安,CS75,4,13.4,53.6,湖南,长沙,长沙长安4S店
2025-09-20,本田,CR-V,7,20.4,142.8,湖南,株洲,株洲本田4S店
2025-09-20,奥迪,Q5L,5,37.6,188.0,江苏,南京,南京奥迪4S店
2025-09-21,理想,L7,9,43.2,388.8,四川,绵阳,绵阳理想4S店
2025-09-21,特斯拉,Model Y,5,26.4,132.0,湖北,襄阳,襄阳特斯拉4S店
2025-09-21,小鹏,G9,1,28.9,28.9,江苏,无锡,无锡小鹏4S店
2025-09-22,理想,L8,9,46.4,417.6,河北,石家庄,石家庄理想4S店
2025-09-22,小鹏,P7,10,38.0,380.0,河南,洛阳,洛阳小鹏4S店
2025-09-22,奔驰,GLC,6,62.7,376.2,四川,绵阳,绵阳奔驰4S店
2025-09-22,小鹏,G9,4,39.3,157.2,江苏,苏州,苏州小鹏4S店
2025-09-22,长城,哈弗H6,1,14.1,14.1,四川,绵阳,绵阳长城4S店
2025-09-23,奥迪,A6L,9,43.2,388.8,广东,东莞,东莞奥迪4S店
2025-09-23,丰田,RAV4,8,35.0,280.0,湖北,襄阳,襄阳丰田4S店
2025-09-23,比亚迪,唐,2,24.1,48.2,湖北,襄阳,襄阳比亚迪4S店
2025-09-23,特斯拉,Model 3,9,50.4,453.6,河南,郑州,郑州特斯拉4S店
2025-09-24,奥迪,A4L,10,45.4,454.0,四川,成都,成都奥迪4S店
2025-09-24,奥迪,A4L,10,48.6,486.0,湖南,株洲,株洲奥迪4S店
2025-09-24,长城,炮,4,27.5,110.0,河南,郑州,郑州长城4S店
2025-09-24,本田,CR-V,1,18.3,18.3,浙江,温州,温州本田4S店
2025-09-24,宝马,5系,1,39.4,39.4,福建,福州,福州宝马4S店
2025-09-25,丰田,RAV4,5,28.2,141.0,广东,广州,广州丰田4S店
2025-09-25,特斯拉,Model 3,1,35.9,35.9,福建,福州,福州特斯拉4S店
2025-09-26,比亚迪,秦PLUS,1,28.9,28.9,河北,石家庄,石家庄比亚迪4S店
2025-09-26,长城,炮,6,20.7,124.2,四川,成都,成都长城4S店
2025-09-27,特斯拉,Model S,8,27.2,217.6,河北,唐山,唐山特斯拉4S店
2025-09-27,本田,CR-V,7,14.0,98.0,上海,上海市,上海市本田4S店
2025-09-27,理想,L8,6,49.2,295.2,安徽,芜湖,芜湖理想4S店
2025-09-28,蔚来,EC6,10,32.3,323.0,上海,上海市,上海市蔚来4S店
2025-09-28,比亚迪,宋PLUS,10,14.2,142.0,四川,绵阳,绵阳比亚迪4S店
2025-09-28,比亚迪,汉,3,28.7,86.1,河南,洛阳,洛阳比亚迪4S店
2025-09-28,比亚迪,唐,5,11.4,57.0,上海,上海市,上海市比亚迪4S店
2025-09-29,宝马,5系,2,59.2,118.4,浙江,温州,温州宝马4S店
2025-09-29,丰田,卡罗拉,4,27.6,110.4,浙江,温州,温州丰田4S店
2025-09-29,奥迪,A4L,6,28.4,170.4,四川,成都,成都奥迪4S店
2025-09-29,大众,迈腾,5,14.4,72.0,湖北,襄阳,襄阳大众4S店
2025-09-29,本田,CR-V,3,17.3,51.9,北京,北京市,北京市本田4S店
2025-10-01,蔚来,ET5,3,57.4,172.2,河南,郑州,郑州蔚来4S店
2025-10-01,奔驰,E级,4,68.7,274.8,四川,绵阳,绵阳奔驰4S店
2025-10-01,比亚迪,宋PLUS,5,29.4,147.0,江苏,南京,南京比亚迪4S店
2025-10-02,宝马,X5,2,47.6,95.2,江苏,无锡,无锡宝马4S店
2025-10-03,奔驰,E级,4,59.1,236.4,陕西,西安,西安奔驰4S店
2025-10-03,丰田,RAV4,2,28.9,57.8,安徽,合肥,合肥丰田4S店
2025-10-04,小鹏,G9,5,33.8,169.0,河南,洛阳,洛阳小鹏4S店
2025-10-04,比亚迪,汉,2,14.5,29.0,河北,石家庄,石家庄比亚迪4S店
2025-10-04,奥迪,Q3,1,27.4,27.4,重庆,重庆市,重庆市奥迪4S店
2025-10-04,奥迪,A4L,8,28.9,231.2,重庆,重庆市,重庆市奥迪4S店
2025-10-05,理想,L7,8,45.2,361.6,湖北,武汉,武汉理想4S店
2025-10-05,宝马,3系,1,58.5,58.5,河北,唐山,唐山宝马4S店
2025-10-05,大众,帕萨特,10,19.8,198.0,湖北,武汉,武汉大众4S店
2025-10-06,丰田,凯美瑞,3,32.9,98.7,上海,上海市,上海市丰田4S店
2025-10-06,蔚来,ES6,2,35.2,70.4,安徽,芜湖,芜湖蔚来4S店
2025-10-07,奥迪,A6L,9,52.5,472.5,福建,福州,福州奥迪4S店
2025-10-07,大众,速腾,8,10.4,83.2,安徽,合肥,合肥大众4S店
2025-10-07,小鹏,P7,7,23.0,161.0,北京,北京市,北京市小鹏4S店
2025-10-07,本田,雅阁,6,14.5,87.0,北京,北京市,北京市本田4S店
2025-10-07,吉利,星瑞,10,13.5,135.0,安徽,合肥,合肥吉利4S店
2025-10-08,吉利,博越,3,13.7,41.1,广东,东莞,东莞吉利4S店
2025-10-08,奥迪,A6L,8,45.6,364.8,山东,济南,济南奥迪4S店
2025-10-08,宝马,5系,9,42.4,381.6,河南,洛阳,洛阳宝马4S店
2025-10-09,大众,途观,10,17.9,179.0,河南,郑州,郑州大众4S店
2025-10-09,吉利,帝豪,5,13.7,68.5,河北,唐山,唐山吉利4S店
2025-10-09,奥迪,A4L,2,33.7,67.4,江苏,南京,南京奥迪4S店
2025-10-09,吉利,帝豪,5,10.5,52.5,浙江,宁波,宁波吉利4S店
2025-10-09,宝马,3系,6,33.4,200.4,山东,青岛,青岛宝马4S店
2025-10-10,大众,途观,8,18.4,147.2,浙江,宁波,宁波大众4S店
2025-10-10,大众,速腾,7,14.2,99.4,福建,厦门,厦门大众4S店
2025-10-10,理想,L8,4,37.7,150.8,广东,佛山,佛山理想4S店
2025-10-11,吉利,星瑞,9,12.3,110.7,山东,青岛,青岛吉利4S店
2025-10-11,长安,UNI-V,9,13.6,122.4,广东,广州,广州长安4S店
2025-10-11,奥迪,A4L,5,36.1,180.5,湖南,株洲,株洲奥迪4S店
2025-10-11,奔驰,GLE,3,67.0,201.0,安徽,合肥,合肥奔驰4S店
2025-10-12,蔚来,ES6,2,32.8,65.6,河北,石家庄,石家庄蔚来4S店
2025-10-13,宝马,3系,1,53.7,53.7,江苏,无锡,无锡宝马4S店
2025-10-13,吉利,博越,5,11.9,59.5,浙江,宁波,宁波吉利4S店
2025-10-14,长安,UNI-V,5,12.2,61.0,浙江,温州,温州长安4S店
2025-10-15,丰田,汉兰达,10,17.1,171.0,江苏,南京,南京丰田4S店
2025-10-16,本田,思域,2,24.9,49.8,湖北,襄阳,襄阳本田4S店
2025-10-16,比亚迪,海豹,5,19.2,96.0,安徽,合肥,合肥比亚迪4S店
2025-10-16,长城,炮,6,22.9,137.4,河北,唐山,唐山长城4S店
2025-10-16,丰田,汉兰达,3,24.5,73.5,四川,成都,成都丰田4S店
2025-10-16,吉利,博越,9,11.8,106.2,重庆,重庆市,重庆市吉利4S店
2025-10-17,特斯拉,Model Y,2,29.9,59.8,浙江,宁波,宁波特斯拉4S店
2025-10-18,长安,CS75,3,18.6,55.8,广东,广州,广州长安4S店
2025-10-18,比亚迪,海豹,8,13.1,104.8,山东,青岛,青岛比亚迪4S店
2025-10-18,理想,L8,9,43.5,391.5,山东,青岛,青岛理想4S店
2025-10-18,比亚迪,宋PLUS,10,22.0,220.0,浙江,温州,温州比亚迪4S店
2025-10-19,丰田,卡罗拉,7,26.2,183.4,福建,厦门,厦门丰田4S店
2025-10-19,宝马,X3,3,47.9,143.7,山东,烟台,烟台宝马4S店
2025-10-19,奥迪,A6L,3,34.5,103.5,河北,石家庄,石家庄奥迪4S店
2025-10-19,丰田,卡罗拉,8,28.6,228.8,广东,佛山,佛山丰田4S店
2025-10-19,长安,CS75,4,18.0,72.0,山东,青岛,青岛长安4S店
2025-10-20,吉利,博越,3,14.9,44.7,广东,东莞,东莞吉利4S店
2025-10-20,小鹏,P7,4,37.1,148.4,福建,福州,福州小鹏4S店
2025-10-20,蔚来,ET5,10,44.5,445.0,重庆,重庆市,重庆市蔚来4S店
2025-10-21,长城,炮,9,12.3,110.7,北京,北京市,北京市长城4S店
2025-10-21,奔驰,GLE,7,49.8,348.6,福建,厦门,厦门奔驰4S店
2025-10-21,丰田,汉兰达,7,18.9,132.3,重庆,重庆市,重庆市丰田4S店
2025-10-21,大众,迈腾,10,24.6,246.0,山东,青岛,青岛大众4S店
2025-10-21,丰田,凯美瑞,10,13.6,136.0,重庆,重庆市,重庆市丰田4S店
2025-10-22,奔驰,GLE,6,30.2,181.2,江苏,苏州,苏州奔驰4S店
2025-10-22,长城,炮,5,20.8,104.0,山东,青岛,青岛长城4S店
2025-10-23,蔚来,EC6,3,35.7,107.1,四川,绵阳,绵阳蔚来4S店
2025-10-23,长安,UNI-V,3,10.8,32.4,福建,福州,福州长安4S店
2025-10-23,长城,哈弗H6,9,19.9,179.1,山东,济南,济南长城4S店
2025-10-23,长城,炮,8,14.5,116.0,上海,上海市,上海市长城4S店
2025-10-23,吉利,帝豪,7,13.2,92.4,福建,福州,福州吉利4S店
2025-10-24,蔚来,ET5,1,52.4,52.4,北京,北京市,北京市蔚来4S店
2025-10-26,吉利,博越,1,12.3,12.3,江苏,苏州,苏州吉利4S店
2025-10-26,奔驰,GLE,6,51.7,310.2,安徽,合肥,合肥奔驰4S店
2025-10-26,长安,UNI-K,9,16.1,144.9,江苏,苏州,苏州长安4S店
2025-10-26,丰田,凯美瑞,5,17.9,89.5,上海,上海市,上海市丰田4S店
2025-10-27,长安,UNI-K,4,11.5,46.0,山东,济南,济南长安4S店
2025-10-27,特斯拉,Model 3,6,42.9,257.4,湖北,襄阳,襄阳特斯拉4S店
2025-10-28,特斯拉,Model Y,3,35.6,106.8,广东,佛山,佛山特斯拉4S店
2025-10-28,理想,L7,5,39.6,198.0,上海,上海市,上海市理想4S店
2025-10-29,宝马,3系,1,35.2,35.2,广东,佛山,佛山宝马4S店
2025-10-29,丰田,卡罗拉,9,31.3,281.7,河南,洛阳,洛阳丰田4S店
2025-10-30,丰田,卡罗拉,9,24.7,222.3,重庆,重庆市,重庆市丰田4S店
2025-10-31,宝马,X5,5,51.3,256.5,四川,成都,成都宝马4S店
2025-11-01,比亚迪,唐,1,12.2,12.2,北京,北京市,北京市比亚迪4S店
2025-11-01,长城,哈弗H6,3,25.4,76.2,山东,烟台,烟台长城4S店
2025-11-02,吉利,帝豪,10,14.3,143.0,浙江,温州,温州吉利4S店
2025-11-02,奔驰,GLE,6,53.5,321.0,山东,青岛,青岛奔驰4S店
2025-11-02,丰田,卡罗拉,5,32.6,163.0,北京,北京市,北京市丰田4S店
2025-11-02,长安,CS75,7,10.8,75.6,广东,广州,广州长安4S店
2025-11-02,丰田,凯美瑞,6,27.8,166.8,上海,上海市,上海市丰田4S店
2025-11-03,宝马,X5,6,30.6,183.6,重庆,重庆市,重庆市宝马4S店
2025-11-04,长安,UNI-V,1,17.3,17.3,陕西,西安,西安长安4S店
2025-11-05,蔚来,ES6,3,44.4,133.2,河南,洛阳,洛阳蔚来4S店
2025-11-05,蔚来,ET5,7,49.8,348.6,河北,唐山,唐山蔚来4S店
2025-11-06,比亚迪,海豹,8,27.6,220.8,广东,深圳,深圳比亚迪4S店
2025-11-06,比亚迪,海豹,4,20.0,80.0,安徽,芜湖,芜湖比亚迪4S店
2025-11-06,大众,速腾,8,21.1,168.8,山东,济南,济南大众4S店
2025-11-07,长安,逸动,7,17.3,121.1,四川,绵阳,绵阳长安4S店
2025-11-07,蔚来,ET7,5,55.0,275.0,河北,石家庄,石家庄蔚来4S店
2025-11-07,小鹏,G6,4,24.4,97.6,湖南,株洲,株洲小鹏4S店
2025-11-07,奔驰,E级,6,32.1,192.6,浙江,杭州,杭州奔驰4S店
2025-11-08,长城,炮,3,15.3,45.9,江苏,无锡,无锡长城4S店
2025-11-08,奥迪,A6L,8,31.5,252.0,四川,绵阳,绵阳奥迪4S店
2025-11-09,蔚来,ET5,4,58.4,233.6,福建,福州,福州蔚来4S店
2025-11-09,丰田,卡罗拉,8,26.6,212.8,重庆,重庆市,重庆市丰田4S店
2025-11-09,长城,哈弗H6,4,18.8,75.2,福建,福州,福州长城4S店
2025-11-09,丰田,RAV4,1,34.5,34.5,上海,上海市,上海市丰田4S店
2025-11-10,小鹏,G9,9,30.6,275.4,江苏,无锡,无锡小鹏4S店
2025-11-10,宝马,5系,10,41.8,418.0,安徽,芜湖,芜湖宝马4S店
2025-11-10,本田,飞度,7,21.3,149.1,湖北,襄阳,襄阳本田4S店
2025-11-10,比亚迪,汉,1,20.7,20.7,四川,绵阳,绵阳比亚迪4S店
2025-11-11,长安,UNI-K,9,13.6,122.4,河北,石家庄,石家庄长安4S店
2025-11-11,奔驰,GLC,1,55.6,55.6,上海,上海市,上海市奔驰4S店
2025-11-11,长安,UNI-K,6,19.6,117.6,北京,北京市,北京市长安4S店
2025-11-11,丰田,汉兰达,7,25.6,179.2,北京,北京市,北京市丰田4S店
2025-11-11,长城,哈弗H6,3,25.1,75.3,四川,成都,成都长城4S店
2025-11-12,小鹏,G9,8,35.5,284.0,河南,洛阳,洛阳小鹏4S店
2025-11-12,宝马,X3,4,40.0,160.0,安徽,合肥,合肥宝马4S店
2025-11-13,特斯拉,Model 3,5,47.1,235.5,浙江,温州,温州特斯拉4S店
2025-11-13,大众,途观,10,23.8,238.0,上海,上海市,上海市大众4S店
2025-11-13,大众,朗逸,7,19.8,138.6,江苏,南京,南京大众4S店
2025-11-14,理想,L8,4,45.5,182.0,山东,烟台,烟台理想4S店
2025-11-14,长城,炮,4,26.4,105.6,北京,北京市,北京市长城4S店
2025-11-15,丰田,汉兰达,8,20.5,164.0,河北,石家庄,石家庄丰田4S店
2025-11-15,长安,逸动,2,13.0,26.0,湖北,武汉,武汉长安4S店
2025-11-16,长城,炮,2,12.4,24.8,河南,洛阳,洛阳长城4S店
2025-11-16,长城,炮,6,15.3,91.8,重庆,重庆市,重庆市长城4S店
2025-11-17,丰田,RAV4,5,22.1,110.5,浙江,宁波,宁波丰田4S店
2025-11-17,本田,思域,3,17.5,52.5,湖南,长沙,长沙本田4S店
2025-11-17,长城,坦克300,1,21.1,21.1,山东,烟台,烟台长城4S店
2025-11-17,奥迪,A6L,3,38.7,116.1,江苏,南京,南京奥迪4S店
2025-11-17,本田,雅阁,2,16.4,32.8,安徽,合肥,合肥本田4S店
2025-11-17,长安,UNI-V,10,13.9,139.0,湖北,襄阳,襄阳长安4S店
2025-11-17,特斯拉,Model 3,4,48.5,194.0,陕西,西安,西安特斯拉4S店
2025-11-17,宝马,X5,7,42.2,295.4,湖北,武汉,武汉宝马4S店
2025-11-18,长安,UNI-V,2,14.9,29.8,北京,北京市,北京市长安4S店
2025-11-18,长城,哈弗H6,8,16.2,129.6,北京,北京市,北京市长城4S店
2025-11-18,宝马,5系,8,43.2,345.6,四川,绵阳,绵阳宝马4S店
2025-11-18,奥迪,Q5L,7,38.9,272.3,重庆,重庆市,重庆市奥迪4S店
2025-11-19,长安,逸动,7,16.6,116.2,四川,绵阳,绵阳长安4S店
2025-11-19,大众,帕萨特,7,19.6,137.2,河南,郑州,郑州大众4S店
2025-11-19,吉利,帝豪,3,16.9,50.7,北京,北京市,北京市吉利4S店
2025-11-19,奥迪,A6L,5,42.2,211.0,河北,石家庄,石家庄奥迪4S店
2025-11-20,长城,坦克300,2,11.3,22.6,湖北,襄阳,襄阳长城4S店
2025-11-21,蔚来,EC6,9,52.7,474.3,安徽,合肥,合肥蔚来4S店
2025-11-21,小鹏,P7,4,33.5,134.0,河北,唐山,唐山小鹏4S店
2025-11-21,小鹏,G9,5,27.6,138.0,湖北,武汉,武汉小鹏4S店
2025-11-22,理想,L8,6,33.3,199.8,浙江,温州,温州理想4S店
2025-11-22,理想,L8,7,44.1,308.7,广东,东莞,东莞理想4S店
2025-11-22,特斯拉,Model S,6,26.1,156.6,四川,绵阳,绵阳特斯拉4S店
2025-11-23,宝马,3系,8,50.2,401.6,北京,北京市,北京市宝马4S店
2025-11-23,本田,思域,2,17.1,34.2,江苏,苏州,苏州本田4S店
2025-11-24,特斯拉,Model 3,4,51.0,204.0,浙江,杭州,杭州特斯拉4S店
2025-11-24,吉利,博越,3,9.5,28.5,湖北,武汉,武汉吉利4S店
2025-11-24,奥迪,Q5L,9,30.2,271.8,安徽,芜湖,芜湖奥迪4S店
2025-11-24,奥迪,Q3,9,25.3,227.7,江苏,南京,南京奥迪4S店
2025-11-24,小鹏,G6,10,28.4,284.0,湖南,株洲,株洲小鹏4S店
2025-11-24,丰田,RAV4,5,16.6,83.0,江苏,无锡,无锡丰田4S店
2025-11-25,宝马,3系,3,38.8,116.4,四川,成都,成都宝马4S店
2025-11-25,长城,炮,1,29.4,29.4,河北,唐山,唐山长城4S店
2025-11-25,本田,飞度,7,13.7,95.9,江苏,苏州,苏州本田4S店
2025-11-25,蔚来,ET7,6,43.8,262.8,广东,深圳,深圳蔚来4S店
2025-11-25,长安,逸动,6,19.5,117.0,河南,郑州,郑州长安4S店
2025-11-26,丰田,汉兰达,5,34.7,173.5,江苏,苏州,苏州丰田4S店
2025-11-26,大众,速腾,8,22.7,181.6,陕西,西安,西安大众4S店
2025-11-27,蔚来,ET7,1,43.4,43.4,上海,上海市,上海市蔚来4S店
2025-11-27,大众,速腾,3,21.9,65.7,四川,成都,成都大众4S店
2025-11-28,特斯拉,Model Y,2,54.6,109.2,湖北,武汉,武汉特斯拉4S店
2025-11-28,特斯拉,Model S,4,53.0,212.0,湖北,武汉,武汉特斯拉4S店
2025-11-28,大众,速腾,4,22.0,88.0,江苏,无锡,无锡大众4S店
2025-11-28,吉利,星越L,5,10.4,52.0,安徽,合肥,合肥吉利4S店
2025-11-29,奔驰,C级,1,35.6,35.6,江苏,苏州,苏州奔驰4S店
2025-11-29,宝马,5系,5,34.1,170.5,重庆,重庆市,重庆市宝马4S店
2025-11-29,小鹏,P7,1,22.3,22.3,陕西,西安,西安小鹏4S店
2025-11-30,长安,UNI-V,9,11.1,99.9,河南,洛阳,洛阳长安4S店
2025-12-01,小鹏,P7,4,27.3,109.2,重庆,重庆市,重庆市小鹏4S店
2025-12-01,理想,L7,7,40.3,282.1,重庆,重庆市,重庆市理想4S店
2025-12-02,宝马,X3,6,33.7,202.2,河南,洛阳,洛阳宝马4S店
2025-12-02,长城,坦克300,6,29.0,174.0,陕西,西安,西安长城4S店
2025-12-02,奥迪,A4L,1,39.0,39.0,山东,烟台,烟台奥迪4S店
2025-12-03,宝马,X5,4,33.4,133.6,北京,北京市,北京市宝马4S店
2025-12-04,奔驰,GLC,8,46.9,375.2,陕西,西安,西安奔驰4S店
2025-12-04,特斯拉,Model Y,10,43.0,430.0,山东,济南,济南特斯拉4S店
2025-12-04,吉利,星瑞,1,12.6,12.6,北京,北京市,北京市吉利4S店
2025-12-04,奥迪,A4L,9,25.2,226.8,河南,郑州,郑州奥迪4S店
2025-12-05,比亚迪,海豚,4,13.1,52.4,广东,佛山,佛山比亚迪4S店
2025-12-05,理想,L8,4,48.9,195.6,四川,绵阳,绵阳理想4S店
2025-12-06,理想,L7,5,44.4,222.0,湖北,襄阳,襄阳理想4S店
2025-12-06,大众,帕萨特,6,14.4,86.4,重庆,重庆市,重庆市大众4S店
2025-12-06,长城,哈弗H6,8,16.6,132.8,湖南,株洲,株洲长城4S店
2025-12-06,大众,迈腾,9,12.1,108.9,河南,洛阳,洛阳大众4S店
2025-12-08,奔驰,GLC,5,46.1,230.5,湖北,武汉,武汉奔驰4S店
2025-12-08,比亚迪,海豚,9,28.0,252.0,广东,广州,广州比亚迪4S店
2025-12-08,长安,UNI-V,2,12.0,24.0,北京,北京市,北京市长安4S店
2025-12-09,理想,L9,5,46.2,231.0,广东,广州,广州理想4S店
2025-12-10,特斯拉,Model Y,7,37.4,261.8,陕西,西安,西安特斯拉4S店
2025-12-10,奔驰,GLC,7,57.9,405.3,广东,东莞,东莞奔驰4S店
2025-12-10,奔驰,GLE,4,44.6,178.4,山东,青岛,青岛奔驰4S店
2025-12-11,长城,炮,7,12.0,84.0,安徽,芜湖,芜湖长城4S店
2025-12-11,理想,L8,3,41.5,124.5,四川,绵阳,绵阳理想4S店
2025-12-11,奥迪,A6L,4,44.0,176.0,江苏,无锡,无锡奥迪4S店
2025-12-11,吉利,星越L,8,15.7,125.6,重庆,重庆市,重庆市吉利4S店
2025-12-11,蔚来,ET7,10,59.1,591.0,湖南,长沙,长沙蔚来4S店
2025-12-11,奥迪,Q3,3,48.9,146.7,四川,成都,成都奥迪4S店
2025-12-12,特斯拉,Model Y,7,40.5,283.5,四川,绵阳,绵阳特斯拉4S店
2025-12-12,比亚迪,汉,1,14.8,14.8,广东,广州,广州比亚迪4S店
2025-12-13,小鹏,G9,5,33.6,168.0,湖南,株洲,株洲小鹏4S店
2025-12-13,奔驰,GLE,5,35.7,178.5,福建,厦门,厦门奔驰4S店
2025-12-13,长城,坦克300,9,22.3,200.7,北京,北京市,北京市长城4S店
2025-12-14,小鹏,G9,3,35.3,105.9,福建,福州,福州小鹏4S店
2025-12-14,长城,坦克300,6,20.4,122.4,陕西,西安,西安长城4S店
2025-12-15,蔚来,ET5,9,50.5,454.5,河北,唐山,唐山蔚来4S店
2025-12-15,小鹏,G9,2,37.5,75.0,湖北,襄阳,襄阳小鹏4S店
2025-12-15,长安,UNI-K,10,9.0,90.0,江苏,南京,南京长安4S店
2025-12-15,奥迪,A4L,6,25.2,151.2,陕西,西安,西安奥迪4S店
2025-12-15,大众,朗逸,5,19.8,99.0,江苏,苏州,苏州大众4S店
2025-12-15,宝马,3系,4,36.7,146.8,安徽,芜湖,芜湖宝马4S店
2025-12-16,长城,炮,6,12.7,76.2,上海,上海市,上海市长城4S店
2025-12-17,长安,CS75,10,17.6,176.0,河北,石家庄,石家庄长安4S店
2025-12-17,宝马,X3,4,48.8,195.2,湖北,襄阳,襄阳宝马4S店
2025-12-17,宝马,X3,3,32.0,96.0,江苏,南京,南京宝马4S店
2025-12-18,奥迪,A4L,2,27.7,55.4,上海,上海市,上海市奥迪4S店
2025-12-18,本田,思域,6,13.2,79.2,广东,广州,广州本田4S店
2025-12-18,本田,思域,8,14.2,113.6,河南,洛阳,洛阳本田4S店
2025-12-19,长城,哈弗H6,5,21.9,109.5,福建,福州,福州长城4S店
2025-12-19,本田,雅阁,1,12.7,12.7,安徽,芜湖,芜湖本田4S店
2025-12-19,小鹏,G6,2,28.2,56.4,广东,佛山,佛山小鹏4S店
2025-12-19,长安,逸动,2,12.5,25.0,浙江,杭州,杭州长安4S店
2025-12-20,特斯拉,Model S,5,57.1,285.5,山东,烟台,烟台特斯拉4S店
2025-12-20,小鹏,G6,9,24.1,216.9,北京,北京市,北京市小鹏4S店
2025-12-20,蔚来,ET5,5,47.9,239.5,北京,北京市,北京市蔚来4S店
2025-12-20,本田,CR-V,5,21.9,109.5,江苏,无锡,无锡本田4S店
2025-12-22,本田,思域,1,10.7,10.7,江苏,苏州,苏州本田4S店
2025-12-22,宝马,X5,6,58.5,351.0,湖南,长沙,长沙宝马4S店
2025-12-22,蔚来,ET5,9,41.3,371.7,北京,北京市,北京市蔚来4S店
2025-12-23,理想,L7,8,45.2,361.6,四川,成都,成都理想4S店
2025-12-23,奥迪,A6L,2,49.3,98.6,安徽,芜湖,芜湖奥迪4S店
2025-12-23,长城,哈弗H6,6,11.7,70.2,河北,唐山,唐山长城4S店
2025-12-23,小鹏,P7,3,26.6,79.8,北京,北京市,北京市小鹏4S店
2025-12-23,长安,UNI-K,8,15.5,124.0,湖北,襄阳,襄阳长安4S店
2025-12-24,宝马,3系,6,51.1,306.6,湖南,长沙,长沙宝马4S店
2025-12-24,吉利,星越L,8,10.3,82.4,河北,唐山,唐山吉利4S店
2025-12-24,吉利,博越,8,13.9,111.2,福建,厦门,厦门吉利4S店
2025-12-25,宝马,X5,2,59.2,118.4,湖南,长沙,长沙宝马4S店
2025-12-25,理想,L9,8,36.5,292.0,江苏,南京,南京理想4S店
2025-12-25,理想,L7,9,37.2,334.8,上海,上海市,上海市理想4S店
2025-12-25,长城,坦克300,6,25.8,154.8,四川,绵阳,绵阳长城4S店
2025-12-26,奥迪,Q5L,4,34.2,136.8,上海,上海市,上海市奥迪4S店
2025-12-26,特斯拉,Model S,9,47.8,430.2,安徽,合肥,合肥特斯拉4S店
2025-12-26,理想,L7,6,35.0,210.0,陕西,西安,西安理想4S店
2025-12-26,特斯拉,Model 3,8,56.4,451.2,广东,佛山,佛山特斯拉4S店
2025-12-26,吉利,星瑞,9,15.1,135.9,福建,福州,福州吉利4S店
2025-12-27,奥迪,A6L,5,54.9,274.5,安徽,芜湖,芜湖奥迪4S店
2025-12-27,丰田,汉兰达,6,19.3,115.8,湖北,襄阳,襄阳丰田4S店
2025-12-27,宝马,3系,2,47.4,94.8,广东,东莞,东莞宝马4S店
2025-12-28,丰田,卡罗拉,6,21.5,129.0,湖北,襄阳,襄阳丰田4S店
2025-12-28,奔驰,E级,2,64.2,128.4,安徽,合肥,合肥奔驰4S店
2025-12-29,大众,朗逸,6,12.5,75.0,湖北,襄阳,襄阳大众4S店
2025-12-30,特斯拉,Model S,5,44.0,220.0,陕西,西安,西安特斯拉4S店
2025-12-30,大众,朗逸,6,12.3,73.8,湖南,长沙,长沙大众4S店
2025-12-31,理想,L9,5,47.0,235.0,上海,上海市,上海市理想4S店
2025-12-31,蔚来,ES6,9,53.8,484.2,浙江,杭州,杭州蔚来4S店
2025-12-31,理想,L8,5,48.6,243.0,广东,深圳,深圳理想4S店
2025-12-31,丰田,RAV4,1,21.1,21.1,福建,厦门,厦门丰田4S店
2025-12-31,长城,哈弗H6,5,17.5,87.5,河北,石家庄,石家庄长城4S店
2025-12-31,蔚来,ET7,6,38.3,229.8,广东,东莞,东莞蔚来4S店
