日期,品牌,产品类别,产品型号,销售数量,单价(元),销售额(元),省份,城市,销售渠道,经销商
2025-01-01,小米,手机,Xiaomi 13T,1,3544,3544,福建,厦门,京东,京东平台
2025-01-01,苹果,手机,iPhone 15,5,8235,41175,广东,佛山,电器城,佛山苹果专卖店
2025-01-02,联想,笔记本,小新Pro 16,3,5463,16389,四川,宜宾,天猫,天猫平台
2025-01-02,华为,手机,Mate 60,6,6611,39666,福建,厦门,品牌官网,品牌官网平台
2025-01-02,vivo,耳机,TWS Air,13,299,3887,山东,烟台,电器城,烟台vivo专卖店
2025-01-02,三星,手机,Galaxy A55,15,3175,47625,四川,绵阳,电器城,绵阳三星专卖店
2025-01-03,索尼,耳机,LinkBuds S,10,1099,10990,上海,上海市,拼多多,拼多多平台
2025-01-03,索尼,耳机,WF-1000XM5,11,1599,17589,湖北,宜昌,品牌官网,品牌官网平台
2025-01-03,OPPO,耳机,Enco Air3,3,384,1152,四川,绵阳,品牌官网,品牌官网平台
2025-01-03,小米,平板,Redmi Pad,3,1531,4593,河南,新乡,京东,京东平台
2025-01-03,vivo,耳机,TWS Air,15,231,3465,河北,唐山,品牌官网,品牌官网平台
2025-01-04,苹果,平板,iPad Pro 11,6,6850,41100,江苏,无锡,品牌官网,品牌官网平台
2025-01-04,三星,手机,Galaxy Z Flip5,6,8308,49848,北京,北京市,天猫,天猫平台
2025-01-05,联想,笔记本,拯救者Y9000P,12,10244,122928,湖南,衡阳,天猫,天猫平台
2025-01-05,华为,手表,Watch GT 4,3,1980,5940,上海,上海市,天猫,天猫平台
2025-01-05,华为,手表,Watch Ultimate,15,6508,97620,四川,成都,拼多多,拼多多平台
2025-01-05,vivo,手机,S18,9,3201,28809,广东,佛山,天猫,天猫平台
2025-01-06,华为,手表,Watch GT 4,4,1524,6096,北京,北京市,拼多多,拼多多平台
2025-01-07,vivo,耳机,TWS 3,8,583,4664,四川,绵阳,拼多多,拼多多平台
2025-01-07,OPPO,耳机,Enco X2,5,976,4880,湖北,襄阳,拼多多,拼多多平台
2025-01-07,惠普,笔记本,Spectre x360,9,12361,111249,辽宁,沈阳,线下专卖店,沈阳电器城
2025-01-07,OPPO,手机,A3,5,1880,9400,陕西,西安,京东,京东平台
2025-01-08,联想,平板,小新Pad Pro,11,3243,35673,辽宁,大连,京东,京东平台
2025-01-08,荣耀,手机,90 GT,10,2902,29020,福建,福州,拼多多,拼多多平台
2025-01-08,索尼,耳机,WF-1000XM5,12,1599,19188,河南,新乡,京东,京东平台
2025-01-09,戴尔,笔记本,Alienware m16,6,18186,109116,山东,潍坊,线下专卖店,潍坊戴尔专卖店
2025-01-09,三星,手表,Galaxy Watch 6,10,2639,26390,安徽,合肥,电器城,合肥电器城
2025-01-09,联想,平板,Yoga Tab 13,15,4752,71280,辽宁,大连,线下专卖店,大连电器城
2025-01-10,索尼,手机,Xperia 5 V,3,6051,18153,重庆,重庆市,线下专卖店,重庆市电器城
2025-01-10,小米,耳机,Xiaomi Buds 3,3,662,1986,广东,东莞,京东,京东平台
2025-01-10,荣耀,笔记本,MagicBook Pro 16,3,7495,22485,四川,成都,天猫,天猫平台
2025-01-10,惠普,笔记本,暗影精灵9,1,8620,8620,浙江,嘉兴,电器城,嘉兴惠普专卖店
2025-01-11,惠普,笔记本,暗影精灵9,3,8703,26109,广东,珠海,线下专卖店,珠海惠普专卖店
2025-01-11,联想,笔记本,拯救者Y9000P,6,9128,54768,江苏,南京,品牌官网,品牌官网平台
2025-01-11,OPPO,手机,Reno 11,7,3697,25879,北京,北京市,拼多多,拼多多平台
2025-01-11,vivo,耳机,TWS 3,14,590,8260,河北,石家庄,天猫,天猫平台
2025-01-12,OPPO,手表,Watch 4 Pro,12,2276,27312,浙江,嘉兴,线下专卖店,嘉兴OPPO专卖店
2025-01-12,荣耀,手表,Watch 4,15,1175,17625,上海,上海市,线下专卖店,上海市荣耀专卖店
2025-01-12,联想,笔记本,拯救者Y9000P,1,12890,12890,山东,烟台,品牌官网,品牌官网平台
2025-01-13,三星,耳机,Buds FE,4,699,2796,北京,北京市,拼多多,拼多多平台
2025-01-13,OPPO,手表,Watch 4 Pro,11,2342,25762,浙江,温州,拼多多,拼多多平台
2025-01-14,三星,手表,Galaxy Watch 6,13,2300,29900,山东,济南,品牌官网,品牌官网平台
2025-01-14,三星,平板,Tab A9,8,2910,23280,辽宁,沈阳,品牌官网,品牌官网平台
2025-01-15,索尼,耳机,WH-1000XM5,10,1999,19990,上海,上海市,拼多多,拼多多平台
2025-01-16,三星,手机,Galaxy A55,7,3373,23611,浙江,宁波,电器城,宁波电器城
2025-01-16,联想,笔记本,ThinkPad X1 Carbon,10,11324,113240,湖南,衡阳,品牌官网,品牌官网平台
2025-01-16,三星,耳机,Galaxy Buds2 Pro,3,1299,3897,北京,北京市,京东,京东平台
2025-01-17,苹果,平板,iPad Air,6,5621,33726,四川,宜宾,京东,京东平台
2025-01-17,华为,手机,P60 Pro,2,6112,12224,浙江,宁波,电器城,宁波电器城
2025-01-17,vivo,耳机,TWS Air,7,292,2044,重庆,重庆市,拼多多,拼多多平台
2025-01-17,荣耀,手机,X50,15,1748,26220,上海,上海市,京东,京东平台
2025-01-18,联想,平板,小新Pad Pro,8,3110,24880,湖南,常德,拼多多,拼多多平台
2025-01-19,联想,平板,小新Pad Pro,3,2786,8358,北京,北京市,线下专卖店,北京市电器城
2025-01-19,三星,平板,Galaxy Tab S9,1,6007,6007,广东,东莞,电器城,东莞电器城
2025-01-20,戴尔,显示器,S2721QS,2,2710,5420,山东,烟台,天猫,天猫平台
2025-01-20,联想,平板,小新Pad Pro,1,3210,3210,广东,珠海,天猫,天猫平台
2025-01-20,惠普,显示器,X27q,4,1931,7724,湖北,襄阳,线下专卖店,襄阳惠普专卖店
2025-01-20,惠普,显示器,E27u G5,13,2751,35763,湖北,襄阳,天猫,天猫平台
2025-01-21,小米,手表,Xiaomi Watch S3,3,1236,3708,安徽,合肥,线下专卖店,合肥小米专卖店
2025-01-21,OPPO,手机,A3,5,1813,9065,陕西,西安,天猫,天猫平台
2025-01-21,联想,笔记本,拯救者Y9000P,9,10622,95598,湖北,襄阳,拼多多,拼多多平台
2025-01-21,荣耀,平板,Pad 9,8,2670,21360,湖北,襄阳,电器城,襄阳荣耀专卖店
2025-01-22,惠普,显示器,E27u G5,13,2398,31174,河南,郑州,电器城,郑州电器城
2025-01-22,小米,笔记本,RedmiBook Pro 15,8,6341,50728,上海,上海市,京东,京东平台
2025-01-22,索尼,耳机,WF-1000XM5,9,1599,14391,重庆,重庆市,拼多多,拼多多平台
2025-01-23,vivo,手机,S18,10,2788,27880,山东,青岛,京东,京东平台
2025-01-23,三星,耳机,Buds FE,11,699,7689,湖南,株洲,天猫,天猫平台
2025-01-23,小米,手表,Xiaomi Watch S3,15,1163,17445,山东,烟台,线下专卖店,烟台小米专卖店
2025-01-24,vivo,耳机,TWS 3,8,684,5472,浙江,嘉兴,品牌官网,品牌官网平台
2025-01-24,三星,耳机,Galaxy Buds2 Pro,11,1299,14289,上海,上海市,京东,京东平台
2025-01-25,三星,手表,Galaxy Watch 6,2,2723,5446,重庆,重庆市,京东,京东平台
2025-01-25,华为,笔记本,MateBook 14,13,6627,86151,辽宁,大连,电器城,大连华为专卖店
2025-01-25,OPPO,耳机,Enco X2,13,911,11843,陕西,宝鸡,电器城,宝鸡OPPO专卖店
2025-01-26,OPPO,手机,Find X7 Ultra,3,7330,21990,广东,深圳,京东,京东平台
2025-01-26,三星,手表,Galaxy Watch 6,5,2544,12720,福建,泉州,电器城,泉州三星专卖店
2025-01-27,苹果,平板,iPad Pro 11,12,8282,99384,山东,潍坊,电器城,潍坊苹果专卖店
2025-01-28,索尼,手机,Xperia 1 V,8,9940,79520,河南,郑州,京东,京东平台
2025-01-28,荣耀,手机,X50,3,1699,5097,江苏,苏州,品牌官网,品牌官网平台
2025-01-28,索尼,耳机,WH-1000XM5,8,1999,15992,上海,上海市,拼多多,拼多多平台
2025-01-28,三星,平板,Tab A9,5,2524,12620,北京,北京市,拼多多,拼多多平台
2025-01-28,小米,手表,Redmi Watch 4,6,734,4404,安徽,蚌埠,天猫,天猫平台
2025-01-29,vivo,手机,S18,13,3081,40053,湖北,宜昌,拼多多,拼多多平台
2025-01-29,小米,平板,Redmi Pad,12,1057,12684,上海,上海市,天猫,天猫平台
2025-01-29,索尼,手机,Xperia 5 V,12,6456,77472,陕西,宝鸡,拼多多,拼多多平台
2025-01-29,华为,手机,P60 Pro,4,7253,29012,浙江,杭州,天猫,天猫平台
2025-01-29,vivo,手机,Y100,12,1748,20976,广东,深圳,品牌官网,品牌官网平台
2025-01-29,vivo,耳机,TWS Air,12,292,3504,湖南,常德,京东,京东平台
2025-01-29,联想,笔记本,小新Pro 16,15,5335,80025,广东,深圳,电器城,深圳联想专卖店
2025-01-29,索尼,耳机,WF-1000XM5,8,1599,12792,山东,济南,电器城,济南索尼专卖店
2025-01-31,苹果,笔记本,MacBook Pro 14,8,14594,116752,北京,北京市,电器城,北京市电器城
2025-02-01,vivo,耳机,TWS 3,3,673,2019,湖北,武汉,天猫,天猫平台
2025-02-02,苹果,耳机,AirPods 3,9,1399,12591,辽宁,大连,线下专卖店,大连苹果专卖店
2025-02-02,苹果,耳机,AirPods 3,2,1399,2798,河南,新乡,电器城,新乡苹果专卖店
2025-02-03,惠普,显示器,E27u G5,13,2034,26442,河南,洛阳,京东,京东平台
2025-02-03,三星,手机,Galaxy S24,8,7637,61096,上海,上海市,天猫,天猫平台
2025-02-04,索尼,手机,Xperia 1 V,9,8542,76878,北京,北京市,天猫,天猫平台
2025-02-04,戴尔,显示器,S2721QS,9,2492,22428,湖南,长沙,京东,京东平台
2025-02-04,小米,手机,Xiaomi 13T,5,3082,15410,江苏,苏州,京东,京东平台
2025-02-05,OPPO,耳机,Enco Air3,8,389,3112,辽宁,沈阳,品牌官网,品牌官网平台
2025-02-05,苹果,平板,iPad Pro 11,12,7636,91632,重庆,重庆市,线下专卖店,重庆市电器城
2025-02-05,小米,笔记本,Xiaomi Book Pro 16,10,8837,88370,辽宁,大连,品牌官网,品牌官网平台
2025-02-05,索尼,手机,Xperia 1 V,2,9693,19386,北京,北京市,线下专卖店,北京市索尼专卖店
2025-02-06,戴尔,笔记本,XPS 13,2,10154,20308,陕西,西安,天猫,天猫平台
2025-02-07,vivo,耳机,TWS 3,14,651,9114,四川,绵阳,天猫,天猫平台
2025-02-07,联想,笔记本,ThinkPad X1 Carbon,13,12438,161694,河南,新乡,线下专卖店,新乡电器城
2025-02-07,索尼,耳机,LinkBuds S,2,1099,2198,安徽,合肥,天猫,天猫平台
2025-02-07,苹果,平板,iPad Air,15,5114,76710,浙江,杭州,拼多多,拼多多平台
2025-02-07,OPPO,手表,Watch 4 Pro,12,2445,29340,四川,绵阳,拼多多,拼多多平台
2025-02-07,小米,平板,Xiaomi Pad 6,5,2130,10650,四川,宜宾,品牌官网,品牌官网平台
2025-02-07,惠普,显示器,X27q,7,1827,12789,重庆,重庆市,京东,京东平台
2025-02-07,华为,平板,MatePad 11,12,3006,36072,四川,宜宾,线下专卖店,宜宾华为专卖店
2025-02-08,OPPO,手机,A3,9,1930,17370,湖北,宜昌,拼多多,拼多多平台
2025-02-08,vivo,耳机,TWS 3,7,642,4494,浙江,嘉兴,线下专卖店,嘉兴vivo专卖店
2025-02-09,苹果,笔记本,MacBook Air M2,12,9397,112764,浙江,宁波,京东,京东平台
2025-02-09,三星,手机,Galaxy S24,9,7857,70713,辽宁,沈阳,线下专卖店,沈阳电器城
2025-02-09,惠普,显示器,X27q,8,1787,14296,安徽,蚌埠,品牌官网,品牌官网平台
2025-02-10,OPPO,手表,Watch 4 Pro,5,2207,11035,四川,绵阳,拼多多,拼多多平台
2025-02-10,OPPO,耳机,Enco X2,11,915,10065,浙江,嘉兴,天猫,天猫平台
2025-02-10,三星,手机,Galaxy S24,13,7144,92872,北京,北京市,电器城,北京市三星专卖店
2025-02-10,苹果,手机,iPhone 15 Pro,11,12800,140800,河北,石家庄,线下专卖店,石家庄苹果专卖店
2025-02-10,索尼,耳机,LinkBuds S,7,1099,7693,湖南,常德,天猫,天猫平台
2025-02-12,三星,耳机,Galaxy Buds2 Pro,2,1299,2598,四川,宜宾,电器城,宜宾三星专卖店
2025-02-12,联想,平板,小新Pad Pro,15,3260,48900,山东,烟台,京东,京东平台
2025-02-12,惠普,笔记本,Envy 16,12,10696,128352,辽宁,沈阳,线下专卖店,沈阳惠普专卖店
2025-02-12,惠普,显示器,X27q,14,1918,26852,广东,珠海,品牌官网,品牌官网平台
2025-02-12,惠普,显示器,E27u G5,1,2076,2076,四川,成都,天猫,天猫平台
2025-02-13,苹果,平板,iPad Air,5,5889,29445,陕西,宝鸡,品牌官网,品牌官网平台
2025-02-13,戴尔,显示器,UltraSharp 27,4,3015,12060,山东,潍坊,品牌官网,品牌官网平台
2025-02-13,vivo,耳机,TWS Air,12,231,2772,湖南,株洲,品牌官网,品牌官网平台
2025-02-13,vivo,手机,X100 Pro,5,5917,29585,河南,郑州,京东,京东平台
2025-02-14,小米,耳机,Xiaomi Buds 3,4,648,2592,陕西,宝鸡,拼多多,拼多多平台
2025-02-14,小米,耳机,Redmi Buds 4 Pro,13,487,6331,上海,上海市,品牌官网,品牌官网平台
2025-02-14,三星,平板,Tab A9,6,2740,16440,福建,福州,电器城,福州电器城
2025-02-14,小米,手机,Xiaomi 14,11,4571,50281,江苏,南京,品牌官网,品牌官网平台
2025-02-15,小米,耳机,Xiaomi Buds 3,10,651,6510,浙江,温州,线下专卖店,温州小米专卖店
2025-02-15,联想,笔记本,拯救者Y9000P,4,10817,43268,山东,潍坊,京东,京东平台
2025-02-15,苹果,耳机,AirPods 3,8,1399,11192,重庆,重庆市,品牌官网,品牌官网平台
2025-02-16,联想,笔记本,小新Pro 16,15,6433,96495,北京,北京市,电器城,北京市联想专卖店
2025-02-16,惠普,笔记本,暗影精灵9,10,9504,95040,浙江,宁波,天猫,天猫平台
2025-02-16,惠普,笔记本,Spectre x360,2,10192,20384,福建,泉州,拼多多,拼多多平台
2025-02-17,华为,笔记本,MateBook X Pro,2,10199,20398,广东,佛山,天猫,天猫平台
2025-02-18,vivo,耳机,TWS 3,11,644,7084,上海,上海市,品牌官网,品牌官网平台
2025-02-19,苹果,手机,iPhone 15 Pro,6,12647,75882,辽宁,大连,线下专卖店,大连电器城
2025-02-19,小米,手机,Xiaomi 14,5,4178,20890,河北,石家庄,京东,京东平台
2025-02-19,索尼,手机,Xperia 5 V,4,6874,27496,福建,泉州,天猫,天猫平台
2025-02-20,OPPO,耳机,Enco Air3,9,340,3060,河北,保定,拼多多,拼多多平台
2025-02-20,OPPO,手表,Watch 4 Pro,11,2241,24651,四川,宜宾,电器城,宜宾OPPO专卖店
2025-02-20,OPPO,手机,A3,8,1648,13184,陕西,宝鸡,天猫,天猫平台
2025-02-22,小米,手表,Xiaomi Watch S3,4,1237,4948,福建,福州,电器城,福州电器城
2025-02-22,惠普,显示器,X27q,3,1947,5841,湖南,株洲,电器城,株洲惠普专卖店
2025-02-22,小米,平板,Xiaomi Pad 6,14,2273,31822,上海,上海市,京东,京东平台
2025-02-23,OPPO,耳机,Enco Air3,11,360,3960,福建,泉州,品牌官网,品牌官网平台
2025-02-23,戴尔,笔记本,Alienware m16,6,18420,110520,重庆,重庆市,品牌官网,品牌官网平台
2025-02-23,苹果,耳机,AirPods 3,6,1399,8394,湖北,武汉,京东,京东平台
2025-02-23,索尼,手机,Xperia 1 V,11,8141,89551,湖南,衡阳,天猫,天猫平台
2025-02-23,三星,手表,Galaxy Watch 6,1,2890,2890,四川,成都,电器城,成都电器城
2025-02-24,OPPO,手机,Reno 11,8,3702,29616,福建,福州,品牌官网,品牌官网平台
2025-02-24,戴尔,笔记本,Inspiron 15,15,4267,64005,四川,宜宾,电器城,宜宾戴尔专卖店
2025-02-25,三星,平板,Tab A9,10,2018,20180,湖南,衡阳,品牌官网,品牌官网平台
2025-02-25,OPPO,耳机,Enco Air3,9,384,3456,陕西,西安,电器城,西安OPPO专卖店
2025-02-25,苹果,手机,iPhone 15,2,7535,15070,湖北,襄阳,拼多多,拼多多平台
2025-02-25,苹果,笔记本,MacBook Pro 14,3,13861,41583,四川,绵阳,天猫,天猫平台
2025-02-28,vivo,耳机,TWS 3,9,523,4707,山东,济南,电器城,济南电器城
2025-02-28,OPPO,手机,Reno 11,10,3252,32520,重庆,重庆市,拼多多,拼多多平台
2025-02-28,惠普,显示器,X27q,8,1732,13856,上海,上海市,天猫,天猫平台
2025-02-28,vivo,手机,Y100,4,1701,6804,山东,潍坊,品牌官网,品牌官网平台
2025-02-28,OPPO,手机,Find X7 Ultra,8,6646,53168,浙江,嘉兴,品牌官网,品牌官网平台
2025-03-01,华为,耳机,FreeBuds 5,8,899,7192,江苏,无锡,品牌官网,品牌官网平台
2025-03-01,惠普,笔记本,Spectre x360,14,9256,129584,上海,上海市,拼多多,拼多多平台
2025-03-01,vivo,手机,Y100,10,1923,19230,山东,济南,拼多多,拼多多平台
2025-03-01,惠普,笔记本,Envy 16,6,10614,63684,河南,洛阳,电器城,洛阳电器城
2025-03-01,惠普,显示器,X27q,9,1889,17001,江苏,常州,天猫,天猫平台
2025-03-01,OPPO,手机,Find X7 Ultra,8,7873,62984,辽宁,沈阳,京东,京东平台
2025-03-02,vivo,耳机,TWS 3,7,564,3948,湖南,衡阳,拼多多,拼多多平台
2025-03-02,苹果,耳机,AirPods Pro 2,9,1899,17091,陕西,西安,拼多多,拼多多平台
2025-03-03,索尼,手机,Xperia 1 V,12,9882,118584,北京,北京市,线下专卖店,北京市索尼专卖店
2025-03-04,三星,手机,Galaxy S24,9,7568,68112,安徽,合肥,电器城,合肥电器城
2025-03-04,联想,笔记本,拯救者Y9000P,15,12416,186240,湖北,襄阳,天猫,天猫平台
2025-03-04,三星,平板,Tab A9,13,2989,38857,湖南,常德,线下专卖店,常德三星专卖店
2025-03-04,三星,手机,Galaxy A55,1,3668,3668,上海,上海市,电器城,上海市电器城
2025-03-05,惠普,显示器,X27q,13,1694,22022,北京,北京市,京东,京东平台
2025-03-05,索尼,耳机,LinkBuds S,14,1099,15386,浙江,宁波,品牌官网,品牌官网平台
2025-03-06,苹果,耳机,AirPods 3,14,1399,19586,重庆,重庆市,天猫,天猫平台
2025-03-06,联想,平板,小新Pad Pro,5,2531,12655,山东,烟台,拼多多,拼多多平台
2025-03-07,小米,手表,Redmi Watch 4,6,626,3756,湖北,宜昌,京东,京东平台
2025-03-08,惠普,笔记本,暗影精灵9,8,7924,63392,福建,厦门,电器城,厦门电器城
2025-03-08,华为,手表,Watch Ultimate,10,6953,69530,陕西,西安,品牌官网,品牌官网平台
2025-03-08,戴尔,显示器,UltraSharp 27,11,3524,38764,北京,北京市,天猫,天猫平台
2025-03-09,索尼,手机,Xperia 5 V,4,6745,26980,陕西,宝鸡,品牌官网,品牌官网平台
2025-03-10,华为,笔记本,MateBook X Pro,5,12281,61405,江苏,苏州,线下专卖店,苏州华为专卖店
2025-03-10,OPPO,手表,Watch 4 Pro,11,2443,26873,福建,泉州,品牌官网,品牌官网平台
2025-03-10,华为,笔记本,MateBook 14,9,6475,58275,湖南,株洲,拼多多,拼多多平台
2025-03-10,三星,手表,Galaxy Watch 6,10,2219,22190,山东,济南,天猫,天猫平台
2025-03-10,索尼,耳机,WH-1000XM5,13,1999,25987,湖北,宜昌,品牌官网,品牌官网平台
2025-03-10,戴尔,笔记本,Alienware m16,12,18507,222084,福建,厦门,品牌官网,品牌官网平台
2025-03-10,荣耀,手表,Band 7,10,384,3840,上海,上海市,京东,京东平台
2025-03-10,小米,笔记本,Xiaomi Book Pro 16,6,6676,40056,辽宁,沈阳,京东,京东平台
2025-03-11,华为,手表,Watch Ultimate,5,7670,38350,辽宁,沈阳,线下专卖店,沈阳华为专卖店
2025-03-12,vivo,手机,S18,4,3252,13008,广东,珠海,拼多多,拼多多平台
2025-03-12,华为,平板,MatePad 11,4,2758,11032,浙江,杭州,拼多多,拼多多平台
2025-03-12,华为,手机,P60 Pro,8,7921,63368,上海,上海市,品牌官网,品牌官网平台
2025-03-13,荣耀,笔记本,MagicBook Pro 16,9,6125,55125,山东,济南,品牌官网,品牌官网平台
2025-03-14,vivo,耳机,TWS 3,2,561,1122,河北,保定,京东,京东平台
2025-03-14,联想,笔记本,拯救者Y9000P,2,12267,24534,浙江,宁波,线下专卖店,宁波电器城
2025-03-14,小米,平板,Xiaomi Pad 6,14,2105,29470,上海,上海市,电器城,上海市电器城
2025-03-14,三星,耳机,Buds FE,7,699,4893,湖南,长沙,天猫,天猫平台
2025-03-15,索尼,耳机,WH-1000XM5,1,1999,1999,湖北,武汉,线下专卖店,武汉电器城
2025-03-15,联想,笔记本,小新Pro 16,3,6458,19374,山东,潍坊,电器城,潍坊联想专卖店
2025-03-15,联想,笔记本,拯救者Y9000P,5,10470,52350,河北,保定,天猫,天猫平台
2025-03-15,华为,手表,Watch GT 4,3,1681,5043,湖南,长沙,线下专卖店,长沙华为专卖店
2025-03-15,索尼,耳机,WF-1000XM5,12,1599,19188,浙江,宁波,天猫,天猫平台
2025-03-15,vivo,耳机,TWS 3,1,665,665,辽宁,沈阳,线下专卖店,沈阳vivo专卖店
2025-03-17,苹果,平板,iPad Pro 11,7,7904,55328,福建,泉州,天猫,天猫平台
2025-03-17,索尼,耳机,LinkBuds S,2,1099,2198,浙江,宁波,品牌官网,品牌官网平台
2025-03-17,索尼,手机,Xperia 5 V,2,6193,12386,辽宁,大连,拼多多,拼多多平台
2025-03-17,荣耀,笔记本,MagicBook X 14,11,4050,44550,重庆,重庆市,品牌官网,品牌官网平台
2025-03-17,索尼,手机,Xperia 1 V,1,9068,9068,浙江,嘉兴,电器城,嘉兴电器城
2025-03-18,三星,手表,Galaxy Watch 6,2,2790,5580,河南,洛阳,线下专卖店,洛阳电器城
2025-03-18,小米,笔记本,Xiaomi Book Pro 16,14,7457,104398,陕西,西安,电器城,西安小米专卖店
2025-03-18,vivo,手机,X100 Pro,7,5641,39487,福建,厦门,拼多多,拼多多平台
2025-03-18,联想,笔记本,小新Pro 16,1,6659,6659,安徽,芜湖,拼多多,拼多多平台
2025-03-18,华为,平板,MatePad 11,12,3486,41832,河南,郑州,品牌官网,品牌官网平台
2025-03-19,vivo,手机,X100 Pro,9,6064,54576,上海,上海市,拼多多,拼多多平台
2025-03-19,索尼,手机,Xperia 1 V,7,9499,66493,福建,福州,电器城,福州电器城
2025-03-19,vivo,手机,S18,2,2643,5286,湖南,衡阳,京东,京东平台
2025-03-20,索尼,耳机,WH-1000XM5,4,1999,7996,江苏,南京,京东,京东平台
2025-03-20,三星,平板,Tab A9,12,2755,33060,上海,上海市,京东,京东平台
2025-03-20,OPPO,耳机,Enco X2,11,957,10527,重庆,重庆市,品牌官网,品牌官网平台
2025-03-20,华为,耳机,FreeBuds 5,15,899,13485,广东,珠海,天猫,天猫平台
2025-03-21,vivo,手机,Y100,12,1820,21840,湖北,宜昌,京东,京东平台
2025-03-21,惠普,显示器,X27q,6,1687,10122,河南,新乡,品牌官网,品牌官网平台
2025-03-21,荣耀,手机,90 GT,2,3311,6622,广东,深圳,品牌官网,品牌官网平台
2025-03-22,联想,平板,Yoga Tab 13,14,4630,64820,河北,保定,线下专卖店,保定联想专卖店
2025-03-23,戴尔,显示器,UltraSharp 27,9,3677,33093,广东,东莞,品牌官网,品牌官网平台
2025-03-24,戴尔,显示器,UltraSharp 27,14,3085,43190,河南,洛阳,线下专卖店,洛阳戴尔专卖店
2025-03-24,vivo,手机,S18,13,2596,33748,山东,济南,线下专卖店,济南vivo专卖店
2025-03-24,苹果,笔记本,MacBook Air M2,14,8695,121730,北京,北京市,线下专卖店,北京市电器城
2025-03-24,索尼,耳机,LinkBuds S,13,1099,14287,重庆,重庆市,电器城,重庆市索尼专卖店
2025-03-25,苹果,耳机,AirPods Pro 2,11,1899,20889,福建,厦门,京东,京东平台
2025-03-25,华为,手表,Watch Ultimate,10,6815,68150,辽宁,大连,电器城,大连华为专卖店
2025-03-26,惠普,显示器,E27u G5,14,2605,36470,四川,成都,天猫,天猫平台
2025-03-26,三星,手表,Galaxy Watch 6,1,2974,2974,河南,洛阳,电器城,洛阳电器城
2025-03-27,戴尔,笔记本,Alienware m16,9,15314,137826,河南,洛阳,品牌官网,品牌官网平台
2025-03-27,联想,笔记本,小新Pro 16,1,6105,6105,河北,保定,京东,京东平台
2025-03-27,联想,平板,小新Pad Pro,5,2979,14895,辽宁,大连,京东,京东平台
2025-03-28,vivo,耳机,TWS 3,6,646,3876,四川,绵阳,天猫,天猫平台
2025-03-28,惠普,笔记本,Spectre x360,5,9318,46590,浙江,嘉兴,京东,京东平台
2025-03-28,联想,平板,Yoga Tab 13,14,4613,64582,北京,北京市,电器城,北京市联想专卖店
2025-03-29,三星,耳机,Buds FE,4,699,2796,浙江,宁波,拼多多,拼多多平台
2025-03-30,戴尔,显示器,S2721QS,15,2532,37980,湖南,衡阳,京东,京东平台
2025-03-30,戴尔,笔记本,XPS 13,7,8291,58037,北京,北京市,京东,京东平台
2025-03-30,OPPO,耳机,Enco Air3,13,323,4199,四川,成都,京东,京东平台
2025-03-30,三星,平板,Galaxy Tab S9,12,6513,78156,山东,烟台,拼多多,拼多多平台
2025-03-30,苹果,耳机,AirPods 3,10,1399,13990,浙江,嘉兴,电器城,嘉兴苹果专卖店
2025-03-31,小米,平板,Xiaomi Pad 6,14,2652,37128,广东,东莞,拼多多,拼多多平台
2025-03-31,惠普,笔记本,Envy 16,5,9033,45165,北京,北京市,京东,京东平台
2025-04-01,vivo,耳机,TWS 3,6,607,3642,辽宁,大连,电器城,大连电器城
2025-04-01,联想,平板,Yoga Tab 13,10,4159,41590,福建,泉州,线下专卖店,泉州电器城
2025-04-01,戴尔,笔记本,Inspiron 15,6,5883,35298,重庆,重庆市,京东,京东平台
2025-04-01,联想,平板,Yoga Tab 13,14,4669,65366,湖南,长沙,线下专卖店,长沙联想专卖店
2025-04-01,vivo,手机,X100 Pro,5,6888,34440,江苏,南京,品牌官网,品牌官网平台
2025-04-01,OPPO,手机,Reno 11,14,3255,45570,广东,广州,电器城,广州OPPO专卖店
2025-04-01,荣耀,手机,Magic6 Pro,3,7496,22488,江苏,苏州,品牌官网,品牌官网平台
2025-04-02,vivo,手机,S18,4,2582,10328,上海,上海市,拼多多,拼多多平台
2025-04-03,三星,手机,Galaxy Z Flip5,5,7538,37690,北京,北京市,电器城,北京市三星专卖店
2025-04-03,荣耀,笔记本,MagicBook Pro 16,3,6954,20862,浙江,嘉兴,京东,京东平台
2025-04-03,苹果,耳机,AirPods 3,15,1399,20985,上海,上海市,京东,京东平台
2025-04-04,三星,手表,Galaxy Watch 6,15,2619,39285,湖南,衡阳,电器城,衡阳三星专卖店
2025-04-05,华为,手表,Watch GT 4,7,1729,12103,福建,泉州,拼多多,拼多多平台
2025-04-05,苹果,笔记本,MacBook Pro 14,10,13718,137180,河南,新乡,京东,京东平台
2025-04-05,vivo,手机,Y100,6,1660,9960,浙江,宁波,京东,京东平台
2025-04-06,惠普,显示器,X27q,4,1654,6616,陕西,宝鸡,天猫,天猫平台
2025-04-07,惠普,显示器,X27q,4,1750,7000,山东,济南,拼多多,拼多多平台
2025-04-07,OPPO,耳机,Enco Air3,4,380,1520,湖南,株洲,品牌官网,品牌官网平台
2025-04-07,三星,手表,Galaxy Watch 6,6,2184,13104,福建,泉州,拼多多,拼多多平台
2025-04-08,三星,平板,Tab A9,10,2460,24600,陕西,宝鸡,线下专卖店,宝鸡三星专卖店
2025-04-08,小米,手机,Xiaomi 13T,3,3560,10680,河南,新乡,线下专卖店,新乡电器城
2025-04-08,小米,笔记本,RedmiBook Pro 15,12,5295,63540,陕西,西安,天猫,天猫平台
2025-04-08,华为,耳机,FreeBuds 5,2,899,1798,四川,宜宾,线下专卖店,宜宾华为专卖店
2025-04-08,小米,耳机,Redmi Buds 4 Pro,13,484,6292,广东,佛山,天猫,天猫平台
2025-04-08,vivo,耳机,TWS Air,3,216,648,福建,厦门,电器城,厦门电器城
2025-04-09,联想,平板,小新Pad Pro,1,2662,2662,重庆,重庆市,线下专卖店,重庆市电器城
2025-04-09,苹果,手机,iPhone 14,5,5173,25865,山东,烟台,电器城,烟台电器城
2025-04-10,vivo,手机,X100 Pro,12,6883,82596,山东,济南,拼多多,拼多多平台
2025-04-10,vivo,手机,X100 Pro,12,5144,61728,山东,潍坊,拼多多,拼多多平台
2025-04-10,OPPO,手机,Find X7 Ultra,15,7817,117255,上海,上海市,拼多多,拼多多平台
2025-04-10,OPPO,手机,A3,5,1624,8120,上海,上海市,电器城,上海市电器城
2025-04-10,华为,手表,Watch Ultimate,2,6163,12326,安徽,蚌埠,京东,京东平台
2025-04-10,华为,笔记本,MateBook 14,9,6135,55215,山东,潍坊,天猫,天猫平台
2025-04-11,小米,手机,Redmi K70,11,3211,35321,山东,潍坊,拼多多,拼多多平台
2025-04-11,联想,笔记本,小新Pro 16,10,5371,53710,湖南,株洲,线下专卖店,株洲电器城
2025-04-11,荣耀,手表,Watch 4,2,1197,2394,重庆,重庆市,天猫,天猫平台
2025-04-12,小米,平板,Xiaomi Pad 6,13,2219,28847,安徽,合肥,京东,京东平台
2025-04-12,小米,平板,Redmi Pad,13,1084,14092,上海,上海市,线下专卖店,上海市电器城
2025-04-12,OPPO,手表,Watch 4 Pro,8,2492,19936,陕西,宝鸡,京东,京东平台
2025-04-13,三星,手表,Galaxy Watch 6,1,2465,2465,湖北,宜昌,拼多多,拼多多平台
2025-04-14,三星,耳机,Galaxy Buds2 Pro,2,1299,2598,陕西,宝鸡,天猫,天猫平台
2025-04-14,惠普,显示器,X27q,15,1781,26715,河南,郑州,拼多多,拼多多平台
2025-04-14,华为,平板,MatePad 11,15,2613,39195,河南,新乡,京东,京东平台
2025-04-14,vivo,耳机,TWS 3,12,630,7560,山东,潍坊,电器城,潍坊电器城
2025-04-15,三星,平板,Tab A9,13,2854,37102,江苏,无锡,电器城,无锡电器城
2025-04-15,索尼,手机,Xperia 5 V,12,6704,80448,湖北,武汉,京东,京东平台
2025-04-15,华为,手机,Mate 60,10,6500,65000,浙江,宁波,天猫,天猫平台
2025-04-16,小米,手表,Redmi Watch 4,3,620,1860,重庆,重庆市,京东,京东平台
2025-04-16,OPPO,手机,Reno 11,5,3416,17080,浙江,嘉兴,电器城,嘉兴OPPO专卖店
2025-04-16,小米,耳机,Xiaomi Buds 3,9,671,6039,浙江,嘉兴,京东,京东平台
2025-04-16,OPPO,耳机,Enco X2,5,1055,5275,上海,上海市,品牌官网,品牌官网平台
2025-04-16,索尼,手机,Xperia 1 V,12,9049,108588,河南,新乡,线下专卖店,新乡电器城
2025-04-17,华为,平板,MatePad Pro,12,4533,54396,山东,青岛,电器城,青岛电器城
2025-04-17,联想,笔记本,拯救者Y9000P,9,10442,93978,浙江,嘉兴,电器城,嘉兴电器城
2025-04-18,荣耀,平板,Pad 9,13,2563,33319,广东,广州,电器城,广州荣耀专卖店
2025-04-18,苹果,笔记本,MacBook Air M2,12,8255,99060,湖北,宜昌,天猫,天猫平台
2025-04-18,荣耀,平板,Pad X9,11,1440,15840,浙江,嘉兴,品牌官网,品牌官网平台
2025-04-19,联想,平板,Yoga Tab 13,2,4031,8062,湖北,襄阳,拼多多,拼多多平台
2025-04-19,小米,手机,Xiaomi 14,8,4752,38016,河北,保定,拼多多,拼多多平台
2025-04-20,荣耀,手机,90 GT,2,2874,5748,福建,泉州,线下专卖店,泉州荣耀专卖店
2025-04-20,索尼,耳机,WH-1000XM5,9,1999,17991,湖北,襄阳,电器城,襄阳电器城
2025-04-20,戴尔,笔记本,Alienware m16,12,15648,187776,山东,潍坊,拼多多,拼多多平台
2025-04-21,索尼,耳机,WH-1000XM5,2,1999,3998,北京,北京市,京东,京东平台
2025-04-22,OPPO,手表,Watch 4 Pro,9,2438,21942,广东,佛山,天猫,天猫平台
2025-04-22,小米,手表,Xiaomi Watch S3,12,1082,12984,北京,北京市,拼多多,拼多多平台
2025-04-23,华为,笔记本,MateBook 14,5,6216,31080,河北,唐山,京东,京东平台
2025-04-24,华为,平板,MatePad 11,8,3475,27800,山东,济南,拼多多,拼多多平台
2025-04-24,苹果,平板,iPad Pro 11,3,7826,23478,北京,北京市,拼多多,拼多多平台
2025-04-25,三星,手机,Galaxy Z Flip5,7,9843,68901,辽宁,沈阳,线下专卖店,沈阳三星专卖店
2025-04-25,小米,平板,Xiaomi Pad 6,8,2099,16792,江苏,南京,线下专卖店,南京小米专卖店
2025-04-25,联想,平板,Yoga Tab 13,14,4634,64876,浙江,宁波,拼多多,拼多多平台
2025-04-25,华为,耳机,FreeBuds 5,3,899,2697,广东,佛山,线下专卖店,佛山电器城
2025-04-26,三星,手机,Galaxy Z Flip5,14,9708,135912,辽宁,大连,品牌官网,品牌官网平台
2025-04-26,华为,耳机,FreeBuds 5,3,899,2697,浙江,温州,品牌官网,品牌官网平台
2025-04-26,vivo,手机,Y100,5,1851,9255,广东,佛山,拼多多,拼多多平台
2025-04-26,联想,平板,小新Pad Pro,4,2845,11380,湖南,常德,电器城,常德联想专卖店
2025-04-27,华为,笔记本,MateBook 14,1,6725,6725,上海,上海市,天猫,天猫平台
2025-04-28,荣耀,手表,Watch 4,2,1279,2558,江苏,南京,京东,京东平台
2025-04-28,索尼,耳机,LinkBuds S,13,1099,14287,江苏,南京,线下专卖店,南京电器城
2025-04-29,华为,手表,Watch GT 4,1,2368,2368,上海,上海市,线下专卖店,上海市华为专卖店
2025-04-29,华为,手表,Watch GT 4,1,1566,1566,北京,北京市,电器城,北京市电器城
2025-04-29,华为,手表,Watch Ultimate,2,6134,12268,湖北,宜昌,品牌官网,品牌官网平台
2025-04-29,vivo,手机,S18,2,2861,5722,陕西,西安,天猫,天猫平台
2025-04-29,荣耀,笔记本,MagicBook Pro 16,11,7412,81532,辽宁,沈阳,拼多多,拼多多平台
2025-04-29,苹果,手机,iPhone 15 Pro,9,11871,106839,四川,成都,天猫,天猫平台
2025-04-30,索尼,耳机,LinkBuds S,7,1099,7693,河北,石家庄,京东,京东平台
2025-05-01,荣耀,平板,Pad 9,3,2211,6633,浙江,嘉兴,天猫,天猫平台
2025-05-01,OPPO,手表,Watch 4 Pro,3,2083,6249,北京,北京市,拼多多,拼多多平台
2025-05-01,戴尔,笔记本,Alienware m16,12,19293,231516,山东,济南,品牌官网,品牌官网平台
2025-05-01,华为,耳机,FreeBuds Pro 3,6,1199,7194,重庆,重庆市,电器城,重庆市电器城
2025-05-02,OPPO,手表,Watch 4 Pro,7,2190,15330,河南,洛阳,线下专卖店,洛阳OPPO专卖店
2025-05-02,vivo,耳机,TWS 3,4,612,2448,陕西,西安,电器城,西安vivo专卖店
2025-05-02,三星,手表,Galaxy Watch 6,12,2790,33480,上海,上海市,品牌官网,品牌官网平台
2025-05-02,三星,平板,Tab A9,4,2290,9160,湖南,株洲,天猫,天猫平台
2025-05-02,惠普,笔记本,暗影精灵9,15,7675,115125,广东,佛山,拼多多,拼多多平台
2025-05-05,索尼,手机,Xperia 5 V,4,6560,26240,山东,潍坊,天猫,天猫平台
2025-05-05,荣耀,手机,X50,7,1677,11739,浙江,宁波,线下专卖店,宁波电器城
2025-05-05,苹果,耳机,AirPods Pro 2,10,1899,18990,重庆,重庆市,线下专卖店,重庆市电器城
2025-05-05,小米,手表,Xiaomi Watch S3,2,889,1778,山东,青岛,天猫,天猫平台
2025-05-06,联想,平板,Yoga Tab 13,13,4582,59566,北京,北京市,京东,京东平台
2025-05-06,vivo,耳机,TWS Air,6,233,1398,江苏,常州,品牌官网,品牌官网平台
2025-05-07,联想,笔记本,ThinkPad X1 Carbon,7,10536,73752,湖北,武汉,品牌官网,品牌官网平台
2025-05-07,三星,耳机,Galaxy Buds2 Pro,10,1299,12990,广东,东莞,电器城,东莞电器城
2025-05-07,三星,手表,Galaxy Watch 6,2,2678,5356,安徽,芜湖,拼多多,拼多多平台
2025-05-07,苹果,手机,iPhone 14,5,6873,34365,福建,厦门,拼多多,拼多多平台
2025-05-07,戴尔,显示器,UltraSharp 27,3,3293,9879,辽宁,沈阳,京东,京东平台
2025-05-08,联想,笔记本,拯救者Y9000P,3,9995,29985,重庆,重庆市,京东,京东平台
2025-05-08,三星,手机,Galaxy Z Flip5,3,7665,22995,河南,郑州,品牌官网,品牌官网平台
2025-05-09,OPPO,耳机,Enco Air3,11,374,4114,上海,上海市,线下专卖店,上海市OPPO专卖店
2025-05-09,OPPO,手机,Find X7 Ultra,10,6432,64320,湖南,株洲,品牌官网,品牌官网平台
2025-05-09,惠普,显示器,X27q,12,1986,23832,江苏,苏州,电器城,苏州电器城
2025-05-10,小米,耳机,Xiaomi Buds 3,13,645,8385,湖南,长沙,品牌官网,品牌官网平台
2025-05-10,苹果,平板,iPad Air,5,6166,30830,湖北,襄阳,拼多多,拼多多平台
2025-05-10,戴尔,显示器,S2721QS,5,2314,11570,辽宁,大连,线下专卖店,大连戴尔专卖店
2025-05-10,联想,笔记本,ThinkPad X1 Carbon,5,11653,58265,重庆,重庆市,京东,京东平台
2025-05-11,联想,平板,小新Pad Pro,3,2650,7950,湖南,长沙,天猫,天猫平台
2025-05-11,戴尔,显示器,UltraSharp 27,14,3415,47810,江苏,南京,拼多多,拼多多平台
2025-05-11,荣耀,平板,Pad X9,9,1388,12492,河北,保定,京东,京东平台
2025-05-11,OPPO,耳机,Enco X2,1,905,905,江苏,无锡,京东,京东平台
2025-05-11,联想,笔记本,拯救者Y9000P,1,11850,11850,浙江,宁波,电器城,宁波联想专卖店
2025-05-13,荣耀,笔记本,MagicBook X 14,3,4740,14220,河北,石家庄,电器城,石家庄荣耀专卖店
2025-05-13,索尼,手机,Xperia 1 V,4,8143,32572,河南,新乡,电器城,新乡电器城
2025-05-13,苹果,平板,iPad Air,10,5133,51330,上海,上海市,京东,京东平台
2025-05-14,华为,笔记本,MateBook 14,8,7465,59720,陕西,宝鸡,品牌官网,品牌官网平台
2025-05-14,惠普,笔记本,Envy 16,15,8212,123180,重庆,重庆市,线下专卖店,重庆市电器城
2025-05-14,惠普,显示器,E27u G5,3,2772,8316,湖北,襄阳,电器城,襄阳惠普专卖店
2025-05-14,小米,平板,Redmi Pad,6,1443,8658,河北,唐山,京东,京东平台
2025-05-14,OPPO,手机,Find X7 Ultra,7,7727,54089,广东,深圳,电器城,深圳电器城
2025-05-14,荣耀,手机,X50,12,1841,22092,湖南,长沙,天猫,天猫平台
2025-05-16,荣耀,手表,Band 7,8,333,2664,湖南,长沙,电器城,长沙荣耀专卖店
2025-05-16,华为,平板,MatePad Pro,4,4304,17216,重庆,重庆市,电器城,重庆市华为专卖店
2025-05-16,OPPO,手机,A3,11,1726,18986,广东,珠海,天猫,天猫平台
2025-05-16,苹果,笔记本,MacBook Air M2,10,10766,107660,辽宁,沈阳,电器城,沈阳苹果专卖店
2025-05-16,vivo,手机,X100 Pro,10,6218,62180,重庆,重庆市,电器城,重庆市电器城
2025-05-16,索尼,耳机,LinkBuds S,10,1099,10990,北京,北京市,拼多多,拼多多平台
2025-05-16,三星,耳机,Galaxy Buds2 Pro,12,1299,15588,湖北,宜昌,品牌官网,品牌官网平台
2025-05-17,华为,平板,MatePad 11,13,2904,37752,湖北,宜昌,线下专卖店,宜昌电器城
2025-05-17,荣耀,手机,X50,14,1611,22554,重庆,重庆市,线下专卖店,重庆市电器城
2025-05-17,惠普,笔记本,暗影精灵9,1,8054,8054,四川,绵阳,京东,京东平台
2025-05-17,联想,笔记本,小新Pro 16,14,6713,93982,辽宁,大连,天猫,天猫平台
2025-05-19,华为,平板,MatePad 11,14,2654,37156,北京,北京市,天猫,天猫平台
2025-05-19,小米,手机,Xiaomi 14,12,4506,54072,湖北,宜昌,线下专卖店,宜昌电器城
2025-05-19,荣耀,手表,Band 7,3,348,1044,山东,青岛,品牌官网,品牌官网平台
2025-05-20,OPPO,耳机,Enco Air3,14,390,5460,陕西,西安,京东,京东平台
2025-05-21,联想,笔记本,拯救者Y9000P,9,10134,91206,河南,新乡,品牌官网,品牌官网平台
2025-05-23,索尼,耳机,LinkBuds S,8,1099,8792,重庆,重庆市,拼多多,拼多多平台
2025-05-23,vivo,耳机,TWS Air,14,266,3724,北京,北京市,电器城,北京市电器城
2025-05-23,vivo,手机,X100 Pro,3,6849,20547,安徽,芜湖,拼多多,拼多多平台
2025-05-24,小米,手机,Xiaomi 13T,5,3277,16385,四川,成都,线下专卖店,成都小米专卖店
2025-05-24,华为,耳机,FreeBuds Pro 3,8,1199,9592,河北,石家庄,拼多多,拼多多平台
2025-05-24,联想,笔记本,拯救者Y9000P,8,10271,82168,北京,北京市,拼多多,拼多多平台
2025-05-24,小米,笔记本,Xiaomi Book Pro 16,12,7939,95268,陕西,西安,品牌官网,品牌官网平台
2025-05-24,OPPO,手机,Find X7 Ultra,8,7198,57584,江苏,苏州,京东,京东平台
2025-05-25,索尼,手机,Xperia 1 V,11,9732,107052,安徽,芜湖,电器城,芜湖电器城
2025-05-25,vivo,手机,X100 Pro,8,5028,40224,山东,潍坊,线下专卖店,潍坊vivo专卖店
2025-05-25,惠普,显示器,X27q,11,1908,20988,陕西,西安,线下专卖店,西安惠普专卖店
2025-05-26,OPPO,耳机,Enco Air3,5,319,1595,重庆,重庆市,品牌官网,品牌官网平台
2025-05-26,三星,耳机,Buds FE,11,699,7689,湖南,株洲,品牌官网,品牌官网平台
2025-05-26,苹果,耳机,AirPods 3,12,1399,16788,浙江,嘉兴,电器城,嘉兴电器城
2025-05-26,vivo,耳机,TWS Air,6,224,1344,北京,北京市,天猫,天猫平台
2025-05-27,惠普,显示器,E27u G5,14,2215,31010,四川,成都,电器城,成都电器城
2025-05-27,惠普,显示器,E27u G5,13,2022,26286,福建,福州,京东,京东平台
2025-05-27,OPPO,手机,Reno 11,15,3164,47460,重庆,重庆市,天猫,天猫平台
2025-05-28,华为,平板,MatePad 11,11,3000,33000,浙江,嘉兴,京东,京东平台
2025-05-28,OPPO,手机,Find X7 Ultra,2,6120,12240,广东,广州,拼多多,拼多多平台
2025-05-29,三星,手机,Galaxy S24,10,6430,64300,北京,北京市,品牌官网,品牌官网平台
2025-05-29,vivo,手机,X100 Pro,10,5534,55340,河南,新乡,京东,京东平台
2025-05-30,三星,耳机,Buds FE,15,699,10485,安徽,合肥,电器城,合肥三星专卖店
2025-05-30,三星,手机,Galaxy S24,11,7536,82896,重庆,重庆市,线下专卖店,重庆市电器城
2025-05-30,惠普,笔记本,Envy 16,1,8448,8448,上海,上海市,京东,京东平台
2025-05-30,苹果,耳机,AirPods Pro 2,3,1899,5697,北京,北京市,线下专卖店,北京市苹果专卖店
2025-05-31,vivo,耳机,TWS 3,7,538,3766,福建,福州,天猫,天猫平台
2025-05-31,索尼,手机,Xperia 1 V,12,9320,111840,上海,上海市,拼多多,拼多多平台
2025-06-01,华为,平板,MatePad Pro,4,4591,18364,山东,潍坊,京东,京东平台
2025-06-01,OPPO,手表,Watch 4 Pro,5,2310,11550,上海,上海市,线下专卖店,上海市电器城
2025-06-01,三星,平板,Galaxy Tab S9,13,5033,65429,重庆,重庆市,品牌官网,品牌官网平台
2025-06-02,小米,平板,Redmi Pad,14,1224,17136,广东,深圳,电器城,深圳电器城
2025-06-02,惠普,笔记本,暗影精灵9,14,7664,107296,湖南,株洲,电器城,株洲电器城
2025-06-02,联想,平板,小新Pad Pro,6,2407,14442,四川,绵阳,天猫,天猫平台
2025-06-04,OPPO,耳机,Enco Air3,1,327,327,湖北,宜昌,京东,京东平台
2025-06-04,华为,手机,P60 Pro,4,6024,24096,浙江,杭州,拼多多,拼多多平台
2025-06-04,华为,手表,Watch Ultimate,7,7927,55489,四川,成都,品牌官网,品牌官网平台
2025-06-04,联想,笔记本,拯救者Y9000P,8,12948,103584,辽宁,大连,电器城,大连电器城
2025-06-05,联想,平板,小新Pad Pro,10,2464,24640,河南,新乡,电器城,新乡联想专卖店
2025-06-05,vivo,手机,X100 Pro,13,5249,68237,山东,青岛,京东,京东平台
2025-06-06,vivo,手机,X100 Pro,14,5313,74382,湖北,宜昌,品牌官网,品牌官网平台
2025-06-06,OPPO,耳机,Enco X2,8,1062,8496,辽宁,沈阳,线下专卖店,沈阳OPPO专卖店
2025-06-07,vivo,手机,Y100,7,1948,13636,上海,上海市,天猫,天猫平台
2025-06-07,华为,平板,MatePad 11,11,2758,30338,辽宁,沈阳,拼多多,拼多多平台
2025-06-07,索尼,耳机,WF-1000XM5,6,1599,9594,河南,郑州,天猫,天猫平台
2025-06-07,苹果,平板,iPad Pro 11,9,8055,72495,安徽,合肥,京东,京东平台
2025-06-07,联想,笔记本,小新Pro 16,8,5226,41808,江苏,苏州,拼多多,拼多多平台
2025-06-08,联想,笔记本,小新Pro 16,11,6991,76901,安徽,芜湖,线下专卖店,芜湖电器城
2025-06-09,vivo,耳机,TWS 3,10,696,6960,浙江,嘉兴,电器城,嘉兴vivo专卖店
2025-06-09,华为,手表,Watch Ultimate,10,7220,72200,湖南,衡阳,电器城,衡阳电器城
2025-06-10,惠普,笔记本,Envy 16,10,10866,108660,陕西,西安,品牌官网,品牌官网平台
2025-06-10,三星,手机,Galaxy S24,5,7610,38050,重庆,重庆市,天猫,天猫平台
2025-06-10,华为,笔记本,MateBook X Pro,2,11355,22710,广东,广州,线下专卖店,广州华为专卖店
2025-06-10,华为,笔记本,MateBook X Pro,13,10718,139334,江苏,无锡,拼多多,拼多多平台
2025-06-11,戴尔,显示器,UltraSharp 27,11,3510,38610,陕西,宝鸡,天猫,天猫平台
2025-06-11,华为,平板,MatePad 11,7,3091,21637,江苏,无锡,京东,京东平台
2025-06-12,荣耀,手机,X50,5,1823,9115,山东,济南,天猫,天猫平台
2025-06-12,惠普,笔记本,Spectre x360,4,11561,46244,辽宁,沈阳,天猫,天猫平台
2025-06-12,vivo,耳机,TWS 3,12,518,6216,福建,厦门,京东,京东平台
2025-06-13,索尼,耳机,WF-1000XM5,10,1599,15990,四川,成都,线下专卖店,成都电器城
2025-06-14,三星,耳机,Galaxy Buds2 Pro,12,1299,15588,陕西,宝鸡,天猫,天猫平台
2025-06-15,戴尔,显示器,UltraSharp 27,14,3769,52766,辽宁,沈阳,线下专卖店,沈阳电器城
2025-06-15,OPPO,手机,Reno 11,3,3765,11295,上海,上海市,拼多多,拼多多平台
2025-06-15,惠普,笔记本,Spectre x360,11,9781,107591,辽宁,大连,拼多多,拼多多平台
2025-06-16,小米,手机,Redmi K70,1,2891,2891,河北,保定,电器城,保定电器城
2025-06-16,惠普,笔记本,暗影精灵9,7,7058,49406,河北,保定,天猫,天猫平台
2025-06-16,vivo,手机,Y100,3,1744,5232,重庆,重庆市,京东,京东平台
2025-06-17,戴尔,笔记本,Alienware m16,5,14667,73335,陕西,宝鸡,品牌官网,品牌官网平台
2025-06-17,苹果,手机,iPhone 14,5,5295,26475,北京,北京市,线下专卖店,北京市电器城
2025-06-18,索尼,手机,Xperia 5 V,5,6402,32010,湖北,襄阳,电器城,襄阳索尼专卖店
2025-06-18,惠普,显示器,X27q,6,1710,10260,辽宁,沈阳,电器城,沈阳电器城
2025-06-19,华为,笔记本,MateBook X Pro,2,10029,20058,福建,福州,拼多多,拼多多平台
2025-06-19,vivo,手机,Y100,11,1786,19646,四川,成都,京东,京东平台
2025-06-19,索尼,手机,Xperia 5 V,12,6438,77256,北京,北京市,京东,京东平台
2025-06-20,苹果,平板,iPad Air,4,5523,22092,湖南,长沙,线下专卖店,长沙电器城
2025-06-20,华为,手表,Watch Ultimate,11,7207,79277,浙江,杭州,京东,京东平台
2025-06-21,vivo,耳机,TWS Air,8,235,1880,陕西,西安,线下专卖店,西安电器城
2025-06-21,联想,平板,小新Pad Pro,6,3290,19740,湖北,武汉,电器城,武汉联想专卖店
2025-06-21,OPPO,手表,Watch 4 Pro,11,2136,23496,北京,北京市,拼多多,拼多多平台
2025-06-21,苹果,平板,iPad Pro 11,1,7165,7165,河北,保定,拼多多,拼多多平台
2025-06-22,OPPO,手机,A3,1,1695,1695,湖北,宜昌,电器城,宜昌电器城
2025-06-23,vivo,手机,Y100,6,1878,11268,福建,泉州,电器城,泉州电器城
2025-06-23,联想,平板,小新Pad Pro,1,3285,3285,江苏,南京,线下专卖店,南京电器城
2025-06-23,小米,平板,Xiaomi Pad 6,6,2090,12540,安徽,蚌埠,京东,京东平台
2025-06-24,小米,手表,Redmi Watch 4,12,549,6588,河北,石家庄,拼多多,拼多多平台
2025-06-24,联想,笔记本,拯救者Y9000P,6,10389,62334,重庆,重庆市,京东,京东平台
2025-06-24,三星,手机,Galaxy S24,10,7947,79470,四川,宜宾,品牌官网,品牌官网平台
2025-06-24,OPPO,耳机,Enco Air3,9,395,3555,四川,宜宾,电器城,宜宾OPPO专卖店
2025-06-24,vivo,手机,X100 Pro,14,6176,86464,湖南,衡阳,京东,京东平台
2025-06-25,三星,手表,Galaxy Watch 6,4,2179,8716,江苏,南京,线下专卖店,南京电器城
2025-06-25,苹果,平板,iPad Pro 11,11,7371,81081,四川,绵阳,拼多多,拼多多平台
2025-06-26,小米,笔记本,Xiaomi Book Pro 16,15,8539,128085,陕西,西安,京东,京东平台
2025-06-26,苹果,平板,iPad Pro 11,12,7338,88056,重庆,重庆市,拼多多,拼多多平台
2025-06-26,戴尔,显示器,UltraSharp 27,15,3708,55620,湖北,武汉,天猫,天猫平台
2025-06-26,OPPO,手机,Reno 11,14,3780,52920,江苏,南京,京东,京东平台
2025-06-26,OPPO,耳机,Enco Air3,2,371,742,上海,上海市,天猫,天猫平台
2025-06-27,戴尔,显示器,UltraSharp 27,12,3168,38016,湖北,宜昌,电器城,宜昌电器城
2025-06-28,小米,平板,Redmi Pad,9,1387,12483,福建,福州,品牌官网,品牌官网平台
2025-06-28,荣耀,笔记本,MagicBook X 14,1,4373,4373,辽宁,大连,电器城,大连电器城
2025-06-28,戴尔,显示器,UltraSharp 27,8,3108,24864,湖北,宜昌,品牌官网,品牌官网平台
2025-06-29,vivo,手机,X100 Pro,2,6858,13716,福建,厦门,天猫,天猫平台
2025-06-29,小米,手机,Xiaomi 13T,6,3646,21876,浙江,杭州,拼多多,拼多多平台
2025-06-29,索尼,耳机,LinkBuds S,13,1099,14287,陕西,宝鸡,拼多多,拼多多平台
2025-06-29,苹果,手机,iPhone 14,12,6148,73776,江苏,苏州,天猫,天猫平台
2025-06-29,vivo,耳机,TWS Air,1,277,277,湖南,常德,拼多多,拼多多平台
2025-06-30,惠普,笔记本,Spectre x360,5,9049,45245,河南,新乡,品牌官网,品牌官网平台
2025-06-30,荣耀,平板,Pad X9,15,1410,21150,陕西,西安,天猫,天猫平台
2025-06-30,三星,平板,Galaxy Tab S9,7,5657,39599,浙江,杭州,品牌官网,品牌官网平台
2025-06-30,索尼,耳机,WH-1000XM5,2,1999,3998,辽宁,沈阳,电器城,沈阳电器城
2025-07-01,华为,耳机,FreeBuds 5,14,899,12586,江苏,无锡,电器城,无锡华为专卖店
2025-07-01,三星,平板,Galaxy Tab S9,7,6257,43799,辽宁,沈阳,拼多多,拼多多平台
2025-07-01,华为,耳机,FreeBuds 5,10,899,8990,湖南,株洲,天猫,天猫平台
2025-07-01,联想,平板,Yoga Tab 13,8,4525,36200,福建,泉州,京东,京东平台
2025-07-02,惠普,笔记本,Spectre x360,11,11913,131043,河南,新乡,电器城,新乡电器城
2025-07-03,OPPO,手机,A3,10,1951,19510,辽宁,大连,线下专卖店,大连OPPO专卖店
2025-07-03,惠普,显示器,E27u G5,7,2739,19173,辽宁,大连,品牌官网,品牌官网平台
2025-07-03,小米,耳机,Xiaomi Buds 3,2,612,1224,河南,郑州,天猫,天猫平台
2025-07-04,小米,平板,Redmi Pad,6,1134,6804,北京,北京市,京东,京东平台
2025-07-04,荣耀,手表,Band 7,6,315,1890,河北,唐山,京东,京东平台
2025-07-04,华为,笔记本,MateBook 14,11,7566,83226,山东,潍坊,拼多多,拼多多平台
2025-07-04,OPPO,手表,Watch 4 Pro,7,2306,16142,江苏,苏州,电器城,苏州电器城
2025-07-04,联想,平板,小新Pad Pro,6,3217,19302,陕西,宝鸡,品牌官网,品牌官网平台
2025-07-04,联想,笔记本,小新Pro 16,4,5299,21196,山东,青岛,拼多多,拼多多平台
2025-07-05,索尼,耳机,WH-1000XM5,8,1999,15992,辽宁,沈阳,拼多多,拼多多平台
2025-07-05,OPPO,耳机,Enco X2,8,910,7280,浙江,杭州,拼多多,拼多多平台
2025-07-05,小米,平板,Xiaomi Pad 6,15,2547,38205,福建,泉州,拼多多,拼多多平台
2025-07-06,惠普,显示器,E27u G5,1,2642,2642,辽宁,沈阳,线下专卖店,沈阳惠普专卖店
2025-07-07,vivo,手机,X100 Pro,15,6702,100530,陕西,西安,拼多多,拼多多平台
2025-07-07,vivo,耳机,TWS Air,9,226,2034,河北,唐山,电器城,唐山vivo专卖店
2025-07-07,OPPO,耳机,Enco X2,4,998,3992,陕西,宝鸡,品牌官网,品牌官网平台
2025-07-08,三星,耳机,Galaxy Buds2 Pro,4,1299,5196,上海,上海市,京东,京东平台
2025-07-08,OPPO,耳机,Enco Air3,10,317,3170,湖南,常德,品牌官网,品牌官网平台
2025-07-08,vivo,手机,Y100,13,1512,19656,广东,珠海,电器城,珠海电器城
2025-07-09,荣耀,手机,90 GT,8,2691,21528,广东,珠海,京东,京东平台
2025-07-09,华为,耳机,FreeBuds Pro 3,3,1199,3597,重庆,重庆市,品牌官网,品牌官网平台
2025-07-10,荣耀,平板,Pad 9,5,2037,10185,河北,唐山,天猫,天猫平台
2025-07-10,惠普,笔记本,暗影精灵9,1,9098,9098,广东,珠海,电器城,珠海电器城
2025-07-11,OPPO,耳机,Enco X2,8,940,7520,辽宁,沈阳,品牌官网,品牌官网平台
2025-07-11,联想,笔记本,拯救者Y9000P,14,9177,128478,山东,青岛,电器城,青岛电器城
2025-07-11,联想,平板,Yoga Tab 13,9,4912,44208,安徽,芜湖,电器城,芜湖电器城
2025-07-11,荣耀,笔记本,MagicBook Pro 16,3,6124,18372,湖南,长沙,品牌官网,品牌官网平台
2025-07-11,联想,笔记本,拯救者Y9000P,14,10369,145166,河北,唐山,京东,京东平台
2025-07-11,OPPO,手表,Watch 4 Pro,2,2257,4514,上海,上海市,天猫,天猫平台
2025-07-12,荣耀,笔记本,MagicBook X 14,5,4552,22760,辽宁,沈阳,天猫,天猫平台
2025-07-13,三星,手表,Galaxy Watch 6,5,2710,13550,北京,北京市,线下专卖店,北京市三星专卖店
2025-07-13,三星,手机,Galaxy S24,6,7053,42318,广东,东莞,拼多多,拼多多平台
2025-07-13,OPPO,手表,Watch 4 Pro,8,2414,19312,陕西,宝鸡,电器城,宝鸡电器城
2025-07-13,苹果,耳机,AirPods 3,1,1399,1399,重庆,重庆市,线下专卖店,重庆市苹果专卖店
2025-07-13,华为,笔记本,MateBook 14,8,7361,58888,重庆,重庆市,拼多多,拼多多平台
2025-07-14,小米,手机,Xiaomi 14,13,4319,56147,湖南,株洲,电器城,株洲电器城
2025-07-15,荣耀,手表,Band 7,9,346,3114,湖南,衡阳,品牌官网,品牌官网平台
2025-07-15,索尼,手机,Xperia 1 V,4,9357,37428,安徽,蚌埠,天猫,天猫平台
2025-07-15,小米,平板,Redmi Pad,15,1036,15540,山东,潍坊,线下专卖店,潍坊小米专卖店
2025-07-15,OPPO,手表,Watch 4 Pro,15,2301,34515,四川,成都,拼多多,拼多多平台
2025-07-16,索尼,手机,Xperia 5 V,3,6397,19191,浙江,嘉兴,电器城,嘉兴索尼专卖店
2025-07-16,小米,平板,Redmi Pad,8,1043,8344,湖南,株洲,线下专卖店,株洲电器城
2025-07-16,惠普,显示器,E27u G5,13,2096,27248,上海,上海市,京东,京东平台
2025-07-17,苹果,耳机,AirPods 3,2,1399,2798,重庆,重庆市,拼多多,拼多多平台
2025-07-17,索尼,手机,Xperia 5 V,2,6694,13388,重庆,重庆市,线下专卖店,重庆市索尼专卖店
2025-07-19,苹果,笔记本,MacBook Pro 14,4,14680,58720,辽宁,大连,品牌官网,品牌官网平台
2025-07-19,苹果,手机,iPhone 15 Pro,5,9790,48950,重庆,重庆市,拼多多,拼多多平台
2025-07-20,三星,手表,Galaxy Watch 6,2,2518,5036,四川,绵阳,电器城,绵阳电器城
2025-07-20,索尼,耳机,WF-1000XM5,12,1599,19188,河南,洛阳,电器城,洛阳索尼专卖店
2025-07-20,惠普,笔记本,暗影精灵9,7,8612,60284,北京,北京市,天猫,天猫平台
2025-07-21,vivo,耳机,TWS 3,12,634,7608,北京,北京市,电器城,北京市vivo专卖店
2025-07-21,苹果,耳机,AirPods 3,11,1399,15389,北京,北京市,品牌官网,品牌官网平台
2025-07-21,索尼,手机,Xperia 5 V,7,6710,46970,河南,郑州,拼多多,拼多多平台
2025-07-22,vivo,手机,S18,12,3111,37332,陕西,西安,线下专卖店,西安vivo专卖店
2025-07-22,惠普,显示器,X27q,15,1739,26085,北京,北京市,京东,京东平台
2025-07-22,苹果,平板,iPad Pro 11,2,7314,14628,四川,成都,天猫,天猫平台
2025-07-22,OPPO,耳机,Enco X2,14,1052,14728,重庆,重庆市,线下专卖店,重庆市电器城
2025-07-23,华为,手机,Mate 60,2,6824,13648,福建,厦门,拼多多,拼多多平台
2025-07-24,戴尔,显示器,UltraSharp 27,8,3648,29184,广东,东莞,电器城,东莞电器城
2025-07-25,戴尔,笔记本,XPS 13,4,11213,44852,上海,上海市,电器城,上海市电器城
2025-07-25,荣耀,手表,Watch 4,12,1213,14556,河北,唐山,天猫,天猫平台
2025-07-25,华为,手表,Watch Ultimate,7,6226,43582,上海,上海市,京东,京东平台
2025-07-26,惠普,笔记本,Envy 16,2,10288,20576,山东,烟台,天猫,天猫平台
2025-07-26,小米,耳机,Redmi Buds 4 Pro,5,463,2315,广东,珠海,品牌官网,品牌官网平台
2025-07-27,索尼,手机,Xperia 1 V,7,8486,59402,湖北,宜昌,天猫,天猫平台
2025-07-27,华为,手表,Watch Ultimate,3,6528,19584,广东,东莞,天猫,天猫平台
2025-07-28,华为,耳机,FreeBuds Pro 3,12,1199,14388,上海,上海市,电器城,上海市华为专卖店
2025-07-28,华为,手机,Nova 12,7,3331,23317,上海,上海市,天猫,天猫平台
2025-07-29,小米,平板,Redmi Pad,10,1251,12510,北京,北京市,电器城,北京市小米专卖店
2025-07-29,荣耀,手表,Band 7,1,356,356,四川,成都,拼多多,拼多多平台
2025-07-30,苹果,手机,iPhone 14,13,5775,75075,河南,郑州,京东,京东平台
2025-07-30,联想,平板,小新Pad Pro,9,3050,27450,湖南,衡阳,京东,京东平台
2025-07-30,小米,平板,Xiaomi Pad 6,6,2123,12738,广东,佛山,电器城,佛山电器城
2025-07-31,小米,耳机,Redmi Buds 4 Pro,2,465,930,辽宁,沈阳,品牌官网,品牌官网平台
2025-07-31,三星,平板,Galaxy Tab S9,13,5626,73138,湖北,襄阳,天猫,天猫平台
2025-08-01,vivo,手机,Y100,12,1522,18264,福建,泉州,线下专卖店,泉州vivo专卖店
2025-08-01,联想,笔记本,拯救者Y9000P,7,12148,85036,河南,郑州,天猫,天猫平台
2025-08-01,OPPO,手表,Watch 4 Pro,2,2040,4080,上海,上海市,京东,京东平台
2025-08-01,荣耀,笔记本,MagicBook Pro 16,14,6919,96866,浙江,温州,拼多多,拼多多平台
2025-08-02,苹果,手机,iPhone 15 Pro,2,8440,16880,陕西,宝鸡,电器城,宝鸡电器城
2025-08-02,荣耀,手机,90 GT,1,2665,2665,湖南,株洲,天猫,天猫平台
2025-08-02,vivo,手机,Y100,4,1560,6240,福建,福州,品牌官网,品牌官网平台
2025-08-02,荣耀,平板,Pad 9,2,2256,4512,浙江,温州,电器城,温州荣耀专卖店
2025-08-02,荣耀,手机,X50,7,1818,12726,湖南,常德,电器城,常德荣耀专卖店
2025-08-02,荣耀,手表,Watch 4,12,1017,12204,重庆,重庆市,线下专卖店,重庆市荣耀专卖店
2025-08-02,OPPO,手表,Watch 4 Pro,5,2176,10880,四川,宜宾,天猫,天猫平台
2025-08-02,联想,平板,小新Pad Pro,13,2996,38948,陕西,宝鸡,天猫,天猫平台
2025-08-02,荣耀,手机,90 GT,12,2820,33840,山东,潍坊,拼多多,拼多多平台
2025-08-03,小米,手机,Xiaomi 13T,10,3953,39530,浙江,温州,天猫,天猫平台
2025-08-03,苹果,耳机,AirPods 3,12,1399,16788,辽宁,大连,品牌官网,品牌官网平台
2025-08-03,索尼,耳机,LinkBuds S,11,1099,12089,四川,成都,品牌官网,品牌官网平台
2025-08-03,OPPO,手表,Watch 4 Pro,14,2144,30016,河北,保定,线下专卖店,保定OPPO专卖店
2025-08-04,华为,手机,Mate 60,6,6749,40494,浙江,温州,京东,京东平台
2025-08-05,OPPO,手机,Reno 11,15,3349,50235,湖南,株洲,京东,京东平台
2025-08-05,惠普,笔记本,Envy 16,9,10835,97515,江苏,苏州,京东,京东平台
2025-08-05,小米,笔记本,Xiaomi Book Pro 16,8,8989,71912,河北,保定,线下专卖店,保定小米专卖店
2025-08-06,苹果,手机,iPhone 14,8,5536,44288,广东,东莞,天猫,天猫平台
2025-08-06,联想,笔记本,ThinkPad X1 Carbon,1,11537,11537,山东,潍坊,拼多多,拼多多平台
2025-08-06,苹果,手机,iPhone 14,4,5635,22540,北京,北京市,天猫,天猫平台
2025-08-06,华为,平板,MatePad 11,8,3039,24312,湖北,襄阳,天猫,天猫平台
2025-08-06,小米,手表,Redmi Watch 4,4,570,2280,四川,宜宾,天猫,天猫平台
2025-08-07,索尼,手机,Xperia 5 V,8,6535,52280,重庆,重庆市,电器城,重庆市索尼专卖店
2025-08-07,惠普,笔记本,暗影精灵9,6,9696,58176,福建,泉州,线下专卖店,泉州电器城
2025-08-07,联想,笔记本,ThinkPad X1 Carbon,1,11336,11336,浙江,嘉兴,天猫,天猫平台
2025-08-07,荣耀,平板,Pad 9,5,2210,11050,上海,上海市,天猫,天猫平台
2025-08-08,vivo,耳机,TWS Air,12,208,2496,上海,上海市,拼多多,拼多多平台
2025-08-08,惠普,笔记本,暗影精灵9,13,7920,102960,广东,深圳,线下专卖店,深圳惠普专卖店
2025-08-08,小米,手机,Redmi K70,10,3277,32770,四川,绵阳,天猫,天猫平台
2025-08-08,惠普,显示器,E27u G5,8,2094,16752,浙江,杭州,天猫,天猫平台
2025-08-08,小米,耳机,Xiaomi Buds 3,11,659,7249,山东,青岛,品牌官网,品牌官网平台
2025-08-09,三星,耳机,Buds FE,14,699,9786,广东,珠海,线下专卖店,珠海电器城
2025-08-09,联想,笔记本,小新Pro 16,13,5664,73632,安徽,合肥,电器城,合肥电器城
2025-08-09,索尼,手机,Xperia 1 V,9,9973,89757,湖南,衡阳,线下专卖店,衡阳索尼专卖店
2025-08-10,索尼,耳机,WF-1000XM5,4,1599,6396,山东,济南,电器城,济南电器城
2025-08-10,苹果,耳机,AirPods 3,12,1399,16788,重庆,重庆市,拼多多,拼多多平台
2025-08-10,索尼,耳机,WF-1000XM5,4,1599,6396,河南,新乡,线下专卖店,新乡电器城
2025-08-10,索尼,手机,Xperia 1 V,10,8995,89950,上海,上海市,拼多多,拼多多平台
2025-08-10,索尼,耳机,WF-1000XM5,8,1599,12792,河北,保定,天猫,天猫平台
2025-08-10,OPPO,手机,A3,7,1695,11865,重庆,重庆市,电器城,重庆市OPPO专卖店
2025-08-11,小米,笔记本,RedmiBook Pro 15,4,5904,23616,山东,青岛,电器城,青岛电器城
2025-08-11,荣耀,手表,Watch 4,7,1303,9121,辽宁,大连,品牌官网,品牌官网平台
2025-08-12,vivo,耳机,TWS Air,4,292,1168,上海,上海市,天猫,天猫平台
2025-08-12,三星,手表,Galaxy Watch 6,3,2497,7491,重庆,重庆市,天猫,天猫平台
2025-08-12,小米,手表,Xiaomi Watch S3,9,1010,9090,山东,青岛,电器城,青岛小米专卖店
2025-08-13,小米,手机,Xiaomi 14,3,4423,13269,重庆,重庆市,电器城,重庆市电器城
2025-08-13,小米,耳机,Xiaomi Buds 3,13,602,7826,湖南,衡阳,线下专卖店,衡阳电器城
2025-08-14,惠普,笔记本,暗影精灵9,10,9339,93390,湖北,襄阳,拼多多,拼多多平台
2025-08-15,小米,耳机,Redmi Buds 4 Pro,4,375,1500,辽宁,大连,品牌官网,品牌官网平台
2025-08-15,vivo,手机,X100 Pro,2,5071,10142,上海,上海市,京东,京东平台
2025-08-16,华为,平板,MatePad Pro,6,4899,29394,福建,厦门,京东,京东平台
2025-08-16,索尼,耳机,WH-1000XM5,2,1999,3998,福建,福州,电器城,福州索尼专卖店
2025-08-16,索尼,耳机,LinkBuds S,8,1099,8792,河北,唐山,线下专卖店,唐山电器城
2025-08-16,苹果,手机,iPhone 15 Pro,10,11068,110680,北京,北京市,拼多多,拼多多平台
2025-08-17,惠普,笔记本,暗影精灵9,1,7289,7289,北京,北京市,天猫,天猫平台
2025-08-17,苹果,手机,iPhone 15,9,6877,61893,浙江,嘉兴,京东,京东平台
2025-08-18,小米,手机,Redmi K70,10,2641,26410,河北,唐山,线下专卖店,唐山小米专卖店
2025-08-18,苹果,手机,iPhone 15 Pro,2,10883,21766,湖北,襄阳,京东,京东平台
2025-08-19,戴尔,笔记本,Inspiron 15,6,5747,34482,广东,佛山,拼多多,拼多多平台
2025-08-19,vivo,手机,S18,8,3298,26384,重庆,重庆市,线下专卖店,重庆市vivo专卖店
2025-08-19,索尼,耳机,LinkBuds S,14,1099,15386,江苏,苏州,品牌官网,品牌官网平台
2025-08-20,联想,笔记本,小新Pro 16,11,6837,75207,四川,宜宾,电器城,宜宾联想专卖店
2025-08-20,vivo,耳机,TWS 3,9,571,5139,四川,成都,天猫,天猫平台
2025-08-21,华为,耳机,FreeBuds Pro 3,8,1199,9592,陕西,宝鸡,电器城,宝鸡华为专卖店
2025-08-21,戴尔,笔记本,Alienware m16,5,17377,86885,安徽,芜湖,品牌官网,品牌官网平台
2025-08-21,联想,笔记本,拯救者Y9000P,2,12970,25940,辽宁,沈阳,天猫,天猫平台
2025-08-22,华为,耳机,FreeBuds 5,13,899,11687,江苏,苏州,品牌官网,品牌官网平台
2025-08-22,惠普,显示器,X27q,9,1882,16938,湖南,衡阳,电器城,衡阳惠普专卖店
2025-08-22,vivo,手机,Y100,6,1500,9000,福建,福州,电器城,福州vivo专卖店
2025-08-22,OPPO,手表,Watch 4 Pro,9,2491,22419,河南,郑州,拼多多,拼多多平台
2025-08-22,荣耀,笔记本,MagicBook X 14,2,4345,8690,浙江,嘉兴,电器城,嘉兴电器城
2025-08-23,华为,手表,Watch GT 4,4,2462,9848,辽宁,大连,线下专卖店,大连华为专卖店
2025-08-23,vivo,手机,S18,5,3194,15970,河北,石家庄,天猫,天猫平台
2025-08-23,小米,手表,Xiaomi Watch S3,14,859,12026,上海,上海市,品牌官网,品牌官网平台
2025-08-23,小米,耳机,Xiaomi Buds 3,3,609,1827,湖北,襄阳,天猫,天猫平台
2025-08-24,小米,笔记本,Xiaomi Book Pro 16,12,8621,103452,湖南,株洲,拼多多,拼多多平台
2025-08-25,荣耀,手表,Band 7,7,370,2590,陕西,宝鸡,京东,京东平台
2025-08-25,小米,耳机,Xiaomi Buds 3,12,681,8172,上海,上海市,拼多多,拼多多平台
2025-08-25,小米,平板,Xiaomi Pad 6,5,2682,13410,重庆,重庆市,拼多多,拼多多平台
2025-08-25,惠普,显示器,E27u G5,10,2309,23090,四川,成都,线下专卖店,成都惠普专卖店
2025-08-26,小米,手表,Redmi Watch 4,10,787,7870,河北,唐山,品牌官网,品牌官网平台
2025-08-27,vivo,手机,S18,6,3123,18738,重庆,重庆市,京东,京东平台
2025-08-27,vivo,耳机,TWS 3,9,645,5805,安徽,芜湖,电器城,芜湖vivo专卖店
2025-08-27,联想,笔记本,ThinkPad X1 Carbon,9,11640,104760,山东,青岛,品牌官网,品牌官网平台
2025-08-28,荣耀,笔记本,MagicBook X 14,7,4249,29743,湖北,武汉,线下专卖店,武汉荣耀专卖店
2025-08-28,OPPO,手表,Watch 4 Pro,9,2076,18684,山东,济南,天猫,天猫平台
2025-08-28,vivo,手机,S18,3,3199,9597,浙江,宁波,天猫,天猫平台
2025-08-28,惠普,显示器,E27u G5,2,2406,4812,湖南,株洲,天猫,天猫平台
2025-08-29,三星,手表,Galaxy Watch 6,15,2129,31935,河北,石家庄,天猫,天猫平台
2025-08-29,OPPO,手机,A3,9,1687,15183,四川,宜宾,品牌官网,品牌官网平台
2025-08-30,vivo,手机,Y100,10,1603,16030,重庆,重庆市,线下专卖店,重庆市电器城
2025-08-31,惠普,笔记本,Spectre x360,2,12651,25302,北京,北京市,天猫,天猫平台
2025-08-31,联想,笔记本,拯救者Y9000P,2,11042,22084,辽宁,大连,线下专卖店,大连电器城
2025-08-31,vivo,耳机,TWS 3,11,642,7062,陕西,西安,京东,京东平台
2025-09-01,惠普,笔记本,Spectre x360,4,12074,48296,江苏,南京,线下专卖店,南京惠普专卖店
2025-09-01,华为,手表,Watch Ultimate,2,7484,14968,上海,上海市,品牌官网,品牌官网平台
2025-09-02,戴尔,笔记本,XPS 13,13,11064,143832,湖北,襄阳,拼多多,拼多多平台
2025-09-02,小米,平板,Xiaomi Pad 6,9,2093,18837,福建,泉州,电器城,泉州小米专卖店
2025-09-02,惠普,显示器,E27u G5,1,2022,2022,重庆,重庆市,拼多多,拼多多平台
2025-09-02,三星,手机,Galaxy Z Flip5,12,9716,116592,上海,上海市,电器城,上海市三星专卖店
2025-09-04,联想,平板,小新Pad Pro,1,3006,3006,四川,成都,京东,京东平台
2025-09-04,小米,平板,Xiaomi Pad 6,1,2382,2382,江苏,常州,电器城,常州电器城
2025-09-04,苹果,耳机,AirPods 3,3,1399,4197,陕西,西安,天猫,天猫平台
2025-09-05,OPPO,耳机,Enco Air3,15,387,5805,湖南,株洲,品牌官网,品牌官网平台
2025-09-05,三星,手表,Galaxy Watch 6,3,2345,7035,山东,烟台,天猫,天猫平台
2025-09-06,苹果,笔记本,MacBook Air M2,12,8605,103260,辽宁,沈阳,京东,京东平台
2025-09-06,华为,手机,Mate 60,5,5830,29150,湖北,宜昌,天猫,天猫平台
2025-09-07,索尼,耳机,LinkBuds S,8,1099,8792,山东,潍坊,电器城,潍坊索尼专卖店
2025-09-07,vivo,手机,X100 Pro,9,5559,50031,山东,潍坊,拼多多,拼多多平台
2025-09-07,vivo,手机,Y100,9,1680,15120,广东,佛山,天猫,天猫平台
2025-09-07,小米,手机,Xiaomi 13T,9,3535,31815,重庆,重庆市,拼多多,拼多多平台
2025-09-08,小米,平板,Redmi Pad,9,1027,9243,河南,新乡,电器城,新乡小米专卖店
2025-09-08,索尼,手机,Xperia 1 V,11,8921,98131,福建,福州,天猫,天猫平台
2025-09-08,vivo,手机,S18,3,3069,9207,江苏,常州,拼多多,拼多多平台
2025-09-09,索尼,手机,Xperia 5 V,10,6929,69290,湖南,常德,电器城,常德电器城
2025-09-09,小米,手表,Redmi Watch 4,10,773,7730,湖南,株洲,品牌官网,品牌官网平台
2025-09-09,惠普,笔记本,Envy 16,14,10801,151214,四川,绵阳,电器城,绵阳电器城
2025-09-09,华为,耳机,FreeBuds Pro 3,4,1199,4796,河南,郑州,京东,京东平台
2025-09-09,联想,笔记本,小新Pro 16,12,5414,64968,江苏,南京,电器城,南京联想专卖店
2025-09-09,惠普,笔记本,Spectre x360,13,12532,162916,福建,福州,天猫,天猫平台
2025-09-10,华为,手机,Mate 60,4,5546,22184,四川,成都,天猫,天猫平台
2025-09-10,惠普,笔记本,暗影精灵9,13,9780,127140,陕西,宝鸡,电器城,宝鸡电器城
2025-09-10,OPPO,手表,Watch 4 Pro,11,2497,27467,浙江,温州,电器城,温州OPPO专卖店
2025-09-10,索尼,耳机,WH-1000XM5,3,1999,5997,陕西,西安,拼多多,拼多多平台
2025-09-11,vivo,手机,S18,10,2941,29410,广东,深圳,京东,京东平台
2025-09-11,联想,笔记本,ThinkPad X1 Carbon,3,14281,42843,北京,北京市,天猫,天猫平台
2025-09-11,荣耀,手表,Band 7,2,393,786,北京,北京市,拼多多,拼多多平台
2025-09-11,索尼,耳机,LinkBuds S,1,1099,1099,安徽,合肥,线下专卖店,合肥电器城
2025-09-13,索尼,手机,Xperia 1 V,10,8402,84020,浙江,嘉兴,拼多多,拼多多平台
2025-09-13,索尼,耳机,WH-1000XM5,1,1999,1999,浙江,嘉兴,线下专卖店,嘉兴电器城
2025-09-14,戴尔,显示器,UltraSharp 27,1,3762,3762,重庆,重庆市,拼多多,拼多多平台
2025-09-14,苹果,手机,iPhone 15,2,6477,12954,重庆,重庆市,线下专卖店,重庆市电器城
2025-09-14,索尼,手机,Xperia 1 V,15,9484,142260,广东,东莞,天猫,天猫平台
2025-09-15,华为,耳机,FreeBuds Pro 3,2,1199,2398,江苏,无锡,品牌官网,品牌官网平台
2025-09-15,苹果,手机,iPhone 14,3,6374,19122,重庆,重庆市,品牌官网,品牌官网平台
2025-09-17,vivo,手机,Y100,11,1510,16610,河南,郑州,京东,京东平台
2025-09-17,联想,平板,Yoga Tab 13,14,4750,66500,四川,宜宾,品牌官网,品牌官网平台
2025-09-18,惠普,笔记本,Spectre x360,11,12969,142659,广东,佛山,拼多多,拼多多平台
2025-09-18,vivo,耳机,TWS Air,13,261,3393,河北,唐山,拼多多,拼多多平台
2025-09-18,索尼,手机,Xperia 5 V,6,6946,41676,江苏,南京,线下专卖店,南京电器城
2025-09-18,小米,手机,Xiaomi 13T,2,3684,7368,四川,宜宾,天猫,天猫平台
2025-09-18,vivo,手机,S18,7,2801,19607,上海,上海市,拼多多,拼多多平台
2025-09-19,荣耀,手机,90 GT,13,2719,35347,四川,绵阳,电器城,绵阳荣耀专卖店
2025-09-20,惠普,笔记本,暗影精灵9,5,8453,42265,河南,郑州,天猫,天猫平台
2025-09-20,惠普,笔记本,暗影精灵9,7,7690,53830,北京,北京市,拼多多,拼多多平台
2025-09-21,小米,耳机,Redmi Buds 4 Pro,5,437,2185,辽宁,沈阳,拼多多,拼多多平台
2025-09-22,苹果,手机,iPhone 15,8,7624,60992,河北,保定,拼多多,拼多多平台
2025-09-22,小米,手机,Xiaomi 14,14,4506,63084,河北,唐山,拼多多,拼多多平台
2025-09-22,惠普,笔记本,暗影精灵9,13,7417,96421,陕西,宝鸡,线下专卖店,宝鸡惠普专卖店
2025-09-23,OPPO,手机,Find X7 Ultra,1,7807,7807,重庆,重庆市,京东,京东平台
2025-09-24,联想,笔记本,ThinkPad X1 Carbon,4,13499,53996,福建,福州,拼多多,拼多多平台
2025-09-24,小米,手机,Xiaomi 14,2,4438,8876,福建,泉州,天猫,天猫平台
2025-09-25,苹果,手机,iPhone 15 Pro,11,12206,134266,上海,上海市,天猫,天猫平台
2025-09-25,戴尔,笔记本,Alienware m16,6,19743,118458,安徽,芜湖,品牌官网,品牌官网平台
2025-09-25,索尼,耳机,WH-1000XM5,9,1999,17991,河北,唐山,品牌官网,品牌官网平台
2025-09-26,戴尔,显示器,S2721QS,9,2387,21483,辽宁,沈阳,天猫,天猫平台
2025-09-26,戴尔,显示器,UltraSharp 27,5,3916,19580,湖南,长沙,品牌官网,品牌官网平台
2025-09-27,苹果,耳机,AirPods Pro 2,11,1899,20889,安徽,芜湖,电器城,芜湖电器城
2025-09-27,惠普,显示器,E27u G5,8,2562,20496,福建,泉州,天猫,天猫平台
2025-09-28,vivo,耳机,TWS Air,9,261,2349,浙江,温州,电器城,温州电器城
2025-09-28,联想,平板,小新Pad Pro,2,2770,5540,安徽,合肥,线下专卖店,合肥电器城
2025-09-28,vivo,手机,X100 Pro,7,6674,46718,陕西,宝鸡,天猫,天猫平台
2025-09-28,苹果,手机,iPhone 14,12,4570,54840,河南,洛阳,天猫,天猫平台
2025-10-01,OPPO,耳机,Enco X2,6,922,5532,河北,石家庄,品牌官网,品牌官网平台
2025-10-01,索尼,手机,Xperia 5 V,3,6226,18678,辽宁,沈阳,拼多多,拼多多平台
2025-10-01,小米,耳机,Xiaomi Buds 3,9,638,5742,湖南,衡阳,天猫,天猫平台
2025-10-02,荣耀,手机,90 GT,1,3285,3285,重庆,重庆市,电器城,重庆市电器城
2025-10-02,惠普,笔记本,Envy 16,12,10715,128580,四川,成都,天猫,天猫平台
2025-10-02,荣耀,手表,Watch 4,3,1173,3519,重庆,重庆市,京东,京东平台
2025-10-02,戴尔,显示器,UltraSharp 27,10,3436,34360,湖北,襄阳,品牌官网,品牌官网平台
2025-10-03,苹果,平板,iPad Air,5,5519,27595,上海,上海市,天猫,天猫平台
2025-10-03,三星,耳机,Galaxy Buds2 Pro,7,1299,9093,安徽,合肥,线下专卖店,合肥三星专卖店
2025-10-04,三星,平板,Tab A9,4,2718,10872,河南,洛阳,天猫,天猫平台
2025-10-05,联想,笔记本,ThinkPad X1 Carbon,10,12298,122980,上海,上海市,线下专卖店,上海市联想专卖店
2025-10-06,OPPO,手表,Watch 4 Pro,5,2079,10395,福建,厦门,品牌官网,品牌官网平台
2025-10-06,小米,耳机,Xiaomi Buds 3,2,661,1322,湖南,长沙,电器城,长沙小米专卖店
2025-10-06,OPPO,手表,Watch 4 Pro,14,2421,33894,山东,烟台,京东,京东平台
2025-10-06,华为,平板,MatePad Pro,12,4947,59364,北京,北京市,线下专卖店,北京市电器城
2025-10-06,索尼,手机,Xperia 1 V,14,9345,130830,辽宁,大连,品牌官网,品牌官网平台
2025-10-07,三星,手表,Galaxy Watch 6,12,2614,31368,安徽,合肥,电器城,合肥三星专卖店
2025-10-07,索尼,耳机,LinkBuds S,13,1099,14287,福建,福州,线下专卖店,福州电器城
2025-10-07,三星,平板,Galaxy Tab S9,15,6355,95325,重庆,重庆市,线下专卖店,重庆市三星专卖店
2025-10-07,三星,耳机,Galaxy Buds2 Pro,12,1299,15588,浙江,宁波,线下专卖店,宁波三星专卖店
2025-10-07,OPPO,手表,Watch 4 Pro,15,2293,34395,湖北,宜昌,拼多多,拼多多平台
2025-10-09,戴尔,笔记本,Alienware m16,14,17841,249774,浙江,温州,天猫,天猫平台
2025-10-09,vivo,手机,Y100,10,1886,18860,江苏,无锡,天猫,天猫平台
2025-10-09,戴尔,笔记本,Inspiron 15,2,5272,10544,上海,上海市,电器城,上海市电器城
2025-10-09,vivo,手机,X100 Pro,5,6848,34240,四川,成都,品牌官网,品牌官网平台
2025-10-09,三星,手机,Galaxy Z Flip5,14,8505,119070,广东,东莞,线下专卖店,东莞电器城
2025-10-09,索尼,手机,Xperia 1 V,12,8991,107892,安徽,蚌埠,京东,京东平台
2025-10-10,索尼,手机,Xperia 5 V,4,6642,26568,山东,潍坊,拼多多,拼多多平台
2025-10-11,小米,耳机,Redmi Buds 4 Pro,9,396,3564,浙江,温州,线下专卖店,温州电器城
2025-10-11,华为,耳机,FreeBuds Pro 3,14,1199,16786,江苏,无锡,天猫,天猫平台
2025-10-11,小米,平板,Redmi Pad,5,1551,7755,重庆,重庆市,京东,京东平台
2025-10-12,荣耀,平板,Pad X9,7,1311,9177,湖南,衡阳,品牌官网,品牌官网平台
2025-10-13,华为,耳机,FreeBuds Pro 3,6,1199,7194,河北,保定,天猫,天猫平台
2025-10-13,联想,笔记本,拯救者Y9000P,5,11865,59325,山东,济南,京东,京东平台
2025-10-13,三星,手机,Galaxy Z Flip5,13,9267,120471,江苏,无锡,电器城,无锡电器城
2025-10-13,小米,手表,Xiaomi Watch S3,1,871,871,北京,北京市,京东,京东平台
2025-10-13,惠普,笔记本,Envy 16,12,9361,112332,湖南,株洲,电器城,株洲电器城
2025-10-14,戴尔,显示器,UltraSharp 27,9,3727,33543,浙江,杭州,拼多多,拼多多平台
2025-10-14,联想,平板,Yoga Tab 13,5,4450,22250,辽宁,大连,京东,京东平台
2025-10-14,戴尔,显示器,UltraSharp 27,15,3750,56250,陕西,西安,电器城,西安戴尔专卖店
2025-10-15,三星,手机,Galaxy A55,15,3299,49485,重庆,重庆市,品牌官网,品牌官网平台
2025-10-15,vivo,手机,X100 Pro,1,6164,6164,河北,保定,品牌官网,品牌官网平台
2025-10-15,戴尔,笔记本,Alienware m16,9,15877,142893,山东,济南,天猫,天猫平台
2025-10-15,戴尔,笔记本,Inspiron 15,15,5743,86145,北京,北京市,电器城,北京市戴尔专卖店
2025-10-15,戴尔,笔记本,Alienware m16,2,17531,35062,浙江,杭州,电器城,杭州电器城
2025-10-15,三星,手机,Galaxy S24,5,7857,39285,河北,石家庄,线下专卖店,石家庄电器城
2025-10-16,华为,平板,MatePad 11,7,3206,22442,辽宁,大连,京东,京东平台
2025-10-17,荣耀,笔记本,MagicBook Pro 16,3,6145,18435,北京,北京市,京东,京东平台
2025-10-18,联想,笔记本,拯救者Y9000P,4,9370,37480,湖北,宜昌,拼多多,拼多多平台
2025-10-19,荣耀,平板,Pad X9,12,1557,18684,山东,济南,京东,京东平台
2025-10-19,戴尔,显示器,S2721QS,13,2688,34944,湖南,衡阳,线下专卖店,衡阳戴尔专卖店
2025-10-19,联想,平板,小新Pad Pro,13,3255,42315,河北,唐山,京东,京东平台
2025-10-19,荣耀,手机,Magic6 Pro,15,7585,113775,北京,北京市,天猫,天猫平台
2025-10-20,vivo,耳机,TWS Air,15,269,4035,河北,唐山,天猫,天猫平台
2025-10-21,小米,笔记本,Xiaomi Book Pro 16,8,8941,71528,安徽,合肥,线下专卖店,合肥小米专卖店
2025-10-22,惠普,显示器,X27q,12,1796,21552,陕西,西安,京东,京东平台
2025-10-23,联想,笔记本,小新Pro 16,6,5276,31656,浙江,杭州,拼多多,拼多多平台
2025-10-23,苹果,手机,iPhone 14,1,5823,5823,陕西,西安,天猫,天猫平台
2025-10-24,vivo,耳机,TWS 3,2,514,1028,河北,唐山,京东,京东平台
2025-10-25,华为,耳机,FreeBuds Pro 3,14,1199,16786,安徽,合肥,线下专卖店,合肥电器城
2025-10-26,惠普,笔记本,Spectre x360,14,12796,179144,四川,宜宾,品牌官网,品牌官网平台
2025-10-26,三星,平板,Tab A9,9,2093,18837,辽宁,大连,电器城,大连电器城
2025-10-26,华为,手表,Watch GT 4,11,2410,26510,陕西,宝鸡,线下专卖店,宝鸡华为专卖店
2025-10-27,戴尔,笔记本,Alienware m16,5,15822,79110,浙江,嘉兴,品牌官网,品牌官网平台
2025-10-28,荣耀,手机,90 GT,12,2637,31644,江苏,无锡,天猫,天猫平台
2025-10-29,vivo,耳机,TWS Air,3,209,627,北京,北京市,品牌官网,品牌官网平台
2025-10-29,OPPO,耳机,Enco Air3,1,330,330,江苏,南京,线下专卖店,南京电器城
2025-10-29,联想,笔记本,小新Pro 16,5,5969,29845,陕西,西安,京东,京东平台
2025-10-29,小米,耳机,Xiaomi Buds 3,3,671,2013,河南,郑州,线下专卖店,郑州小米专卖店
2025-10-30,苹果,手机,iPhone 15,1,7655,7655,陕西,宝鸡,京东,京东平台
2025-10-30,vivo,手机,Y100,1,1592,1592,浙江,嘉兴,天猫,天猫平台
2025-10-31,联想,平板,Yoga Tab 13,2,4954,9908,浙江,嘉兴,京东,京东平台
2025-10-31,小米,手表,Redmi Watch 4,10,565,5650,山东,潍坊,天猫,天猫平台
2025-11-01,荣耀,平板,Pad 9,8,2217,17736,湖南,衡阳,天猫,天猫平台
2025-11-02,惠普,笔记本,暗影精灵9,3,8809,26427,湖南,衡阳,京东,京东平台
2025-11-02,vivo,手机,Y100,5,1858,9290,安徽,蚌埠,京东,京东平台
2025-11-02,惠普,笔记本,暗影精灵9,6,8800,52800,安徽,合肥,京东,京东平台
2025-11-04,荣耀,平板,Pad X9,12,1317,15804,辽宁,沈阳,天猫,天猫平台
2025-11-04,联想,平板,小新Pad Pro,6,3244,19464,四川,宜宾,品牌官网,品牌官网平台
2025-11-04,索尼,耳机,WF-1000XM5,15,1599,23985,湖南,株洲,京东,京东平台
2025-11-04,苹果,手机,iPhone 15,9,6597,59373,上海,上海市,电器城,上海市苹果专卖店
2025-11-04,OPPO,手表,Watch 4 Pro,8,2081,16648,江苏,苏州,拼多多,拼多多平台
2025-11-05,小米,笔记本,Xiaomi Book Pro 16,11,7672,84392,北京,北京市,天猫,天猫平台
2025-11-06,戴尔,笔记本,Inspiron 15,1,5483,5483,北京,北京市,拼多多,拼多多平台
2025-11-06,华为,平板,MatePad Pro,5,4757,23785,江苏,南京,京东,京东平台
2025-11-06,荣耀,平板,Pad X9,11,1512,16632,湖北,宜昌,品牌官网,品牌官网平台
2025-11-06,惠普,显示器,E27u G5,14,2261,31654,河南,郑州,拼多多,拼多多平台
2025-11-07,OPPO,手机,Reno 11,10,3394,33940,福建,福州,品牌官网,品牌官网平台
2025-11-07,荣耀,平板,Pad X9,15,1402,21030,上海,上海市,天猫,天猫平台
2025-11-07,小米,笔记本,Xiaomi Book Pro 16,12,8574,102888,山东,烟台,品牌官网,品牌官网平台
2025-11-08,三星,平板,Tab A9,3,2476,7428,江苏,苏州,线下专卖店,苏州电器城
2025-11-08,小米,手机,Xiaomi 14,7,4076,28532,陕西,西安,天猫,天猫平台
2025-11-08,三星,手机,Galaxy A55,11,3926,43186,浙江,宁波,京东,京东平台
2025-11-08,戴尔,显示器,UltraSharp 27,8,3127,25016,山东,烟台,天猫,天猫平台
2025-11-08,荣耀,手机,X50,7,1712,11984,陕西,宝鸡,京东,京东平台
2025-11-08,小米,笔记本,Xiaomi Book Pro 16,8,8413,67304,上海,上海市,电器城,上海市小米专卖店
2025-11-09,苹果,手机,iPhone 15 Pro,8,11879,95032,辽宁,大连,拼多多,拼多多平台
2025-11-09,苹果,耳机,AirPods Pro 2,4,1899,7596,安徽,合肥,电器城,合肥电器城
2025-11-09,索尼,手机,Xperia 1 V,1,9462,9462,湖南,常德,天猫,天猫平台
2025-11-10,惠普,显示器,X27q,5,1813,9065,四川,成都,拼多多,拼多多平台
2025-11-10,戴尔,笔记本,XPS 13,9,9261,83349,上海,上海市,电器城,上海市电器城
2025-11-10,索尼,耳机,LinkBuds S,3,1099,3297,上海,上海市,天猫,天猫平台
2025-11-10,OPPO,手表,Watch 4 Pro,3,2068,6204,浙江,杭州,品牌官网,品牌官网平台
2025-11-10,小米,手机,Xiaomi 14,6,4039,24234,四川,绵阳,京东,京东平台
2025-11-11,苹果,耳机,AirPods 3,2,1399,2798,陕西,西安,天猫,天猫平台
2025-11-11,华为,耳机,FreeBuds Pro 3,4,1199,4796,上海,上海市,品牌官网,品牌官网平台
2025-11-12,三星,手机,Galaxy Z Flip5,5,8639,43195,江苏,南京,线下专卖店,南京三星专卖店
2025-11-12,小米,手机,Xiaomi 13T,12,3751,45012,河南,郑州,拼多多,拼多多平台
2025-11-12,戴尔,笔记本,Alienware m16,15,19119,286785,重庆,重庆市,拼多多,拼多多平台
2025-11-13,华为,平板,MatePad 11,12,3194,38328,湖南,常德,京东,京东平台
2025-11-13,戴尔,显示器,S2721QS,14,2260,31640,北京,北京市,拼多多,拼多多平台
2025-11-14,vivo,耳机,TWS 3,11,528,5808,广东,深圳,电器城,深圳vivo专卖店
2025-11-15,索尼,手机,Xperia 5 V,1,6580,6580,河南,洛阳,线下专卖店,洛阳电器城
2025-11-15,索尼,耳机,LinkBuds S,2,1099,2198,湖北,武汉,拼多多,拼多多平台
2025-11-15,索尼,耳机,WF-1000XM5,8,1599,12792,陕西,西安,品牌官网,品牌官网平台
2025-11-15,三星,手表,Galaxy Watch 6,7,2328,16296,江苏,无锡,拼多多,拼多多平台
2025-11-16,戴尔,显示器,S2721QS,11,2226,24486,北京,北京市,品牌官网,品牌官网平台
2025-11-16,联想,平板,Yoga Tab 13,1,4002,4002,湖北,武汉,天猫,天猫平台
2025-11-16,华为,平板,MatePad 11,7,3145,22015,陕西,西安,电器城,西安电器城
2025-11-17,小米,手表,Xiaomi Watch S3,5,1025,5125,陕西,西安,拼多多,拼多多平台
2025-11-17,戴尔,显示器,S2721QS,4,2713,10852,上海,上海市,品牌官网,品牌官网平台
2025-11-17,荣耀,手表,Watch 4,9,1232,11088,安徽,芜湖,电器城,芜湖电器城
2025-11-18,OPPO,耳机,Enco Air3,6,313,1878,江苏,苏州,拼多多,拼多多平台
2025-11-18,vivo,手机,Y100,9,1995,17955,辽宁,沈阳,品牌官网,品牌官网平台
2025-11-18,小米,手表,Xiaomi Watch S3,13,958,12454,山东,潍坊,拼多多,拼多多平台
2025-11-19,惠普,笔记本,暗影精灵9,10,8770,87700,安徽,蚌埠,线下专卖店,蚌埠惠普专卖店
2025-11-19,联想,平板,Yoga Tab 13,8,4011,32088,浙江,杭州,品牌官网,品牌官网平台
2025-11-20,苹果,笔记本,MacBook Air M2,12,10764,129168,北京,北京市,天猫,天猫平台
2025-11-21,惠普,显示器,X27q,11,1937,21307,安徽,合肥,品牌官网,品牌官网平台
2025-11-21,联想,笔记本,拯救者Y9000P,4,12748,50992,上海,上海市,线下专卖店,上海市电器城
2025-11-22,华为,耳机,FreeBuds 5,12,899,10788,上海,上海市,天猫,天猫平台
2025-11-22,荣耀,手表,Band 7,10,335,3350,湖北,武汉,品牌官网,品牌官网平台
2025-11-23,荣耀,手表,Watch 4,4,1350,5400,重庆,重庆市,拼多多,拼多多平台
2025-11-23,戴尔,显示器,S2721QS,12,2502,30024,安徽,合肥,拼多多,拼多多平台
2025-11-23,联想,笔记本,小新Pro 16,1,5029,5029,山东,青岛,电器城,青岛联想专卖店
2025-11-24,小米,手表,Redmi Watch 4,7,786,5502,上海,上海市,拼多多,拼多多平台
2025-11-24,荣耀,平板,Pad 9,4,2651,10604,四川,宜宾,电器城,宜宾荣耀专卖店
2025-11-24,联想,笔记本,ThinkPad X1 Carbon,15,14663,219945,河南,新乡,电器城,新乡电器城
2025-11-24,联想,笔记本,小新Pro 16,4,6502,26008,陕西,西安,线下专卖店,西安电器城
2025-11-25,华为,耳机,FreeBuds 5,2,899,1798,河北,石家庄,品牌官网,品牌官网平台
2025-11-25,苹果,耳机,AirPods Pro 2,10,1899,18990,广东,佛山,京东,京东平台
2025-11-26,荣耀,手表,Band 7,6,382,2292,广东,广州,电器城,广州荣耀专卖店
2025-11-26,荣耀,手机,X50,4,1871,7484,安徽,合肥,电器城,合肥荣耀专卖店
2025-11-26,戴尔,显示器,UltraSharp 27,13,3726,48438,湖南,株洲,线下专卖店,株洲电器城
2025-11-28,小米,笔记本,RedmiBook Pro 15,4,6224,24896,湖北,武汉,拼多多,拼多多平台
2025-11-28,惠普,显示器,X27q,7,1687,11809,江苏,常州,品牌官网,品牌官网平台
2025-11-28,戴尔,笔记本,Alienware m16,5,15803,79015,四川,成都,拼多多,拼多多平台
2025-11-29,vivo,手机,S18,15,3169,47535,上海,上海市,京东,京东平台
2025-11-29,荣耀,平板,Pad 9,6,2559,15354,福建,厦门,线下专卖店,厦门荣耀专卖店
2025-11-30,华为,手机,Mate 60,12,6839,82068,安徽,芜湖,品牌官网,品牌官网平台
2025-11-30,索尼,手机,Xperia 1 V,2,9528,19056,辽宁,大连,京东,京东平台
2025-12-01,苹果,耳机,AirPods Pro 2,12,1899,22788,四川,绵阳,拼多多,拼多多平台
2025-12-01,荣耀,手机,Magic6 Pro,5,6111,30555,浙江,嘉兴,电器城,嘉兴荣耀专卖店
2025-12-01,vivo,耳机,TWS 3,4,633,2532,山东,烟台,电器城,烟台电器城
2025-12-02,vivo,手机,X100 Pro,6,6771,40626,安徽,芜湖,电器城,芜湖电器城
2025-12-02,联想,平板,小新Pad Pro,11,3153,34683,河北,保定,电器城,保定电器城
2025-12-02,戴尔,显示器,UltraSharp 27,1,3432,3432,广东,深圳,天猫,天猫平台
2025-12-03,惠普,笔记本,Spectre x360,6,12415,74490,福建,泉州,品牌官网,品牌官网平台
2025-12-03,华为,平板,MatePad 11,1,2941,2941,陕西,宝鸡,京东,京东平台
2025-12-03,联想,平板,小新Pad Pro,1,2730,2730,福建,厦门,天猫,天猫平台
2025-12-03,小米,笔记本,RedmiBook Pro 15,7,5144,36008,安徽,合肥,线下专卖店,合肥小米专卖店
2025-12-04,联想,平板,Yoga Tab 13,14,4996,69944,重庆,重庆市,线下专卖店,重庆市电器城
2025-12-04,OPPO,耳机,Enco X2,10,1040,10400,湖南,衡阳,京东,京东平台
2025-12-05,联想,笔记本,小新Pro 16,3,6077,18231,湖南,株洲,线下专卖店,株洲联想专卖店
2025-12-06,索尼,耳机,LinkBuds S,7,1099,7693,陕西,宝鸡,天猫,天猫平台
2025-12-06,vivo,耳机,TWS Air,6,235,1410,浙江,杭州,品牌官网,品牌官网平台
2025-12-06,小米,平板,Xiaomi Pad 6,10,2703,27030,湖北,襄阳,品牌官网,品牌官网平台
2025-12-07,OPPO,手机,Find X7 Ultra,3,6192,18576,广东,东莞,天猫,天猫平台
2025-12-07,小米,手表,Xiaomi Watch S3,14,1142,15988,重庆,重庆市,品牌官网,品牌官网平台
2025-12-07,荣耀,平板,Pad 9,4,2138,8552,河南,郑州,电器城,郑州荣耀专卖店
2025-12-07,索尼,耳机,LinkBuds S,13,1099,14287,浙江,温州,拼多多,拼多多平台
2025-12-07,华为,笔记本,MateBook 14,7,7439,52073,辽宁,大连,拼多多,拼多多平台
2025-12-08,苹果,平板,iPad Pro 11,6,7157,42942,陕西,西安,拼多多,拼多多平台
2025-12-08,惠普,笔记本,Spectre x360,14,11260,157640,安徽,芜湖,天猫,天猫平台
2025-12-08,联想,笔记本,拯救者Y9000P,15,10375,155625,北京,北京市,电器城,北京市电器城
2025-12-08,vivo,耳机,TWS 3,12,642,7704,上海,上海市,拼多多,拼多多平台
2025-12-09,荣耀,手机,90 GT,10,3192,31920,湖北,宜昌,天猫,天猫平台
2025-12-09,vivo,手机,S18,4,3150,12600,上海,上海市,品牌官网,品牌官网平台
2025-12-09,OPPO,耳机,Enco Air3,4,381,1524,安徽,芜湖,品牌官网,品牌官网平台
2025-12-10,三星,平板,Tab A9,5,2039,10195,湖北,武汉,拼多多,拼多多平台
2025-12-10,OPPO,手表,Watch 4 Pro,8,2412,19296,湖南,长沙,电器城,长沙电器城
2025-12-10,小米,手机,Xiaomi 13T,11,3926,43186,广东,深圳,京东,京东平台
2025-12-10,惠普,显示器,X27q,14,1600,22400,北京,北京市,天猫,天猫平台
2025-12-11,荣耀,笔记本,MagicBook X 14,15,4540,68100,重庆,重庆市,拼多多,拼多多平台
2025-12-11,惠普,笔记本,Spectre x360,1,9776,9776,浙江,温州,天猫,天猫平台
2025-12-11,三星,平板,Galaxy Tab S9,1,6955,6955,北京,北京市,线下专卖店,北京市电器城
2025-12-11,惠普,显示器,E27u G5,11,2222,24442,湖北,宜昌,品牌官网,品牌官网平台
2025-12-12,荣耀,手机,X50,7,1526,10682,浙江,温州,拼多多,拼多多平台
2025-12-12,三星,手机,Galaxy A55,11,3563,39193,重庆,重庆市,线下专卖店,重庆市三星专卖店
2025-12-12,索尼,手机,Xperia 5 V,2,6013,12026,河北,唐山,京东,京东平台
2025-12-13,索尼,耳机,WF-1000XM5,3,1599,4797,河北,保定,京东,京东平台
2025-12-14,联想,平板,Yoga Tab 13,11,4639,51029,河北,保定,电器城,保定电器城
2025-12-14,苹果,耳机,AirPods Pro 2,1,1899,1899,山东,济南,天猫,天猫平台
2025-12-14,戴尔,显示器,S2721QS,5,2665,13325,湖南,株洲,拼多多,拼多多平台
2025-12-14,三星,手表,Galaxy Watch 6,4,2959,11836,辽宁,大连,天猫,天猫平台
2025-12-14,OPPO,手机,Reno 11,9,3794,34146,福建,福州,线下专卖店,福州电器城
2025-12-14,OPPO,耳机,Enco X2,9,956,8604,江苏,常州,京东,京东平台
2025-12-14,联想,平板,小新Pad Pro,5,3155,15775,湖南,衡阳,天猫,天猫平台
2025-12-15,苹果,笔记本,MacBook Pro 14,3,13617,40851,江苏,无锡,品牌官网,品牌官网平台
2025-12-15,索尼,手机,Xperia 1 V,15,9352,140280,重庆,重庆市,线下专卖店,重庆市索尼专卖店
2025-12-15,联想,笔记本,ThinkPad X1 Carbon,8,14803,118424,上海,上海市,京东,京东平台
2025-12-16,苹果,耳机,AirPods Pro 2,3,1899,5697,四川,绵阳,品牌官网,品牌官网平台
2025-12-16,OPPO,手表,Watch 4 Pro,9,2352,21168,上海,上海市,京东,京东平台
2025-12-17,华为,手表,Watch GT 4,9,1787,16083,辽宁,大连,电器城,大连电器城
2025-12-17,联想,平板,Yoga Tab 13,14,4293,60102,湖南,衡阳,品牌官网,品牌官网平台
2025-12-18,华为,手机,Nova 12,14,3110,43540,重庆,重庆市,拼多多,拼多多平台
2025-12-18,华为,笔记本,MateBook X Pro,2,9917,19834,河北,保定,京东,京东平台
2025-12-19,荣耀,手表,Band 7,15,305,4575,辽宁,沈阳,拼多多,拼多多平台
2025-12-19,华为,笔记本,MateBook 14,9,7312,65808,湖北,宜昌,电器城,宜昌华为专卖店
2025-12-19,OPPO,手机,Reno 11,2,3824,7648,山东,烟台,京东,京东平台
2025-12-19,戴尔,显示器,UltraSharp 27,10,3053,30530,安徽,蚌埠,京东,京东平台
2025-12-19,惠普,显示器,X27q,3,1879,5637,江苏,南京,拼多多,拼多多平台
2025-12-21,vivo,耳机,TWS 3,5,546,2730,浙江,宁波,京东,京东平台
2025-12-21,荣耀,笔记本,MagicBook Pro 16,5,6371,31855,山东,潍坊,天猫,天猫平台
2025-12-22,OPPO,耳机,Enco Air3,1,375,375,江苏,常州,京东,京东平台
2025-12-22,三星,平板,Tab A9,12,2481,29772,陕西,宝鸡,京东,京东平台
2025-12-22,荣耀,笔记本,MagicBook X 14,14,4816,67424,陕西,西安,线下专卖店,西安电器城
2025-12-22,戴尔,笔记本,XPS 13,12,11349,136188,陕西,西安,京东,京东平台
2025-12-23,小米,手机,Xiaomi 14,11,4694,51634,辽宁,大连,天猫,天猫平台
2025-12-23,vivo,耳机,TWS Air,6,292,1752,上海,上海市,拼多多,拼多多平台
2025-12-23,荣耀,笔记本,MagicBook X 14,13,4784,62192,陕西,西安,京东,京东平台
2025-12-24,惠普,笔记本,Envy 16,15,9281,139215,福建,厦门,品牌官网,品牌官网平台
2025-12-24,联想,笔记本,小新Pro 16,1,6593,6593,浙江,温州,天猫,天猫平台
2025-12-24,华为,耳机,FreeBuds Pro 3,7,1199,8393,河北,保定,电器城,保定华为专卖店
2025-12-24,苹果,笔记本,MacBook Pro 14,14,16391,229474,四川,宜宾,拼多多,拼多多平台
2025-12-25,小米,笔记本,RedmiBook Pro 15,1,6082,6082,北京,北京市,品牌官网,品牌官网平台
2025-12-25,荣耀,平板,Pad 9,13,2183,28379,广东,深圳,品牌官网,品牌官网平台
2025-12-25,三星,平板,Tab A9,9,2388,21492,北京,北京市,品牌官网,品牌官网平台
2025-12-25,小米,平板,Redmi Pad,14,1218,17052,浙江,嘉兴,天猫,天猫平台
2025-12-26,苹果,笔记本,MacBook Pro 14,11,13953,153483,辽宁,大连,线下专卖店,大连电器城
2025-12-26,华为,手表,Watch Ultimate,14,6581,92134,福建,厦门,京东,京东平台
2025-12-26,OPPO,手表,Watch 4 Pro,5,2303,11515,北京,北京市,线下专卖店,北京市电器城
2025-12-27,索尼,耳机,LinkBuds S,13,1099,14287,辽宁,大连,京东,京东平台
2025-12-27,华为,耳机,FreeBuds Pro 3,6,1199,7194,湖北,武汉,线下专卖店,武汉华为专卖店
2025-12-27,OPPO,手机,Find X7 Ultra,1,6072,6072,陕西,西安,拼多多,拼多多平台
2025-12-28,小米,手机,Xiaomi 13T,13,3261,42393,北京,北京市,京东,京东平台
2025-12-29,三星,手表,Galaxy Watch 6,15,2353,35295,北京,北京市,电器城,北京市电器城
2025-12-29,苹果,平板,iPad Pro 11,4,6941,27764,北京,北京市,电器城,北京市电器城
2025-12-30,索尼,手机,Xperia 1 V,10,9391,93910,江苏,常州,京东,京东平台
2025-12-30,索尼,手机,Xperia 5 V,9,6769,60921,四川,成都,线下专卖店,成都索尼专卖店
2025-12-31,苹果,平板,iPad Pro 11,6,8927,53562,福建,厦门,品牌官网,品牌官网平台
2025-12-31,荣耀,手机,90 GT,13,3594,46722,广东,深圳,品牌官网,品牌官网平台
2025-12-31,惠普,笔记本,Spectre x360,10,10945,109450,山东,济南,电器城,济南电器城
